;website;salary_min;salary_max;salary_comment;vacancy_name;vacancy_url;employer_name;employer_url;location;salary_currency
0;hh.ru;120000;250000;;Ruby on Rails разработчик;https://spb.hh.ru/vacancy/39048960?query=ruby; CASTLE;https://hh.ru/employer/3875620;Воронеж;руб.
1;hh.ru;150000;;;Ruby on Rails Strong Middle Ruby Developer Удалённо;https://spb.hh.ru/vacancy/38997968?query=ruby; Компания «Мультилистинг»;https://hh.ru/employer/4878410;Москва;руб.
2;hh.ru;150000;;;Ruby on Rails Developer;https://spb.hh.ru/vacancy/38591531?query=ruby;ООО МСТ;https://hh.ru/employer/1852763;Санкт-Петербург, Горьковская;руб.
3;hh.ru;200000;320000;;Разработчик Ruby on Rails;https://spb.hh.ru/vacancy/38984093?query=ruby;ООО Бизнес партнер;https://hh.ru/employer/2096712;Москва, Нахимовский проспект;руб.
4;hh.ru;120000;250000;;Ruby on Rails разработчик;https://spb.hh.ru/vacancy/38995140?query=ruby; CASTLE;https://hh.ru/employer/3875620;Сочи;руб.
5;hh.ru;120000;250000;;Ruby on Rails разработчик;https://spb.hh.ru/vacancy/38995106?query=ruby; CASTLE;https://hh.ru/employer/3875620;Санкт-Петербург;руб.
6;hh.ru;130000;200000;;Ruby-программист / Разработчик Ruby on Rails (ROR — Middle / Senior);https://spb.hh.ru/vacancy/38816925?query=ruby; Веб Креатор;https://hh.ru/employer/1109156;Москва, Алексеевская;руб.
7;hh.ru;120000;250000;;Ruby on Rails разработчик;https://spb.hh.ru/vacancy/38995089?query=ruby; CASTLE;https://hh.ru/employer/3875620;Екатеринбург;руб.
8;hh.ru;;;;Ruby On Rails разработчик;https://spb.hh.ru/vacancy/39041576?query=ruby;ОАО Российские железные дороги;https://hh.ru/employer/23427;Москва;
9;hh.ru;;200000;;Ruby-программист / Разработчик Ruby on Rails (ROR) Junior / Middle;https://spb.hh.ru/vacancy/39025624?query=ruby; Веб Креатор;https://hh.ru/employer/1109156;Москва, Алексеевская;руб.
10;hh.ru;80000;200000;;Разработчик Ruby on Rails;https://spb.hh.ru/vacancy/38902305?query=ruby;ООО Инсейлс Рус;https://hh.ru/employer/1805574;Москва, Комсомольская;руб.
11;hh.ru;110000;140000;;Backend Ruby;https://spb.hh.ru/vacancy/38906672?query=ruby; UNIWEB;https://hh.ru/employer/886251;Санкт-Петербург;руб.
12;hh.ru;80000;220000;;Ruby on Rails developer;https://spb.hh.ru/vacancy/38381007?query=ruby; evrone.ru;https://hh.ru/employer/598471;Москва;руб.
13;hh.ru;40000;80000;;Junior разработчик Ruby on Rails;https://spb.hh.ru/vacancy/38902304?query=ruby;ООО Инсейлс Рус;https://hh.ru/employer/1805574;Москва, Комсомольская;руб.
14;hh.ru;60000;80000;;Ruby backend разработчик (RoR, Ruby On Rails);https://spb.hh.ru/vacancy/38927990?query=ruby; Whalesburg s.r.o.;https://hh.ru/employer/2561111;Москва, Деловой центр;руб.
15;hh.ru;170000;;;Middle / Senior Ruby on Rails developer;https://spb.hh.ru/vacancy/38368442?query=ruby; Datacrafts;https://hh.ru/employer/4773904;Москва;руб.
16;hh.ru;150000;;;Разработчик Ruby on Rails;https://spb.hh.ru/vacancy/38901647?query=ruby;;;Москва;руб.
17;hh.ru;;;;Стажер Ruby on Rails;https://spb.hh.ru/vacancy/38882472?query=ruby; Лига Цифровой Экономики;https://hh.ru/employer/2733062;Москва;
18;hh.ru;;;;Разработчик Ruby on Rails;https://spb.hh.ru/vacancy/38818466?query=ruby; Roonyx;https://hh.ru/employer/1041584;Ростов-на-Дону;
19;hh.ru;60000;120000;;Программист разработчик Ruby on Rails;https://spb.hh.ru/vacancy/37441602?query=ruby;ООО Фортис Технологии;https://hh.ru/employer/1156064;Москва, Полежаевская;руб.
20;hh.ru;;;;Ruby developer;https://spb.hh.ru/vacancy/38981900?query=ruby;ООО Л-ТЕХ;https://hh.ru/employer/2105922;Тверь;
21;hh.ru;150000;250000;;Ruby on Rails разработчик;https://spb.hh.ru/vacancy/38879720?query=ruby;ООО Академия ДПО;https://hh.ru/employer/3915838;Москва;руб.
22;hh.ru;;;;Web backend/Ruby разработчик;https://spb.hh.ru/vacancy/39031248?query=ruby;ООО Mercury Development;https://hh.ru/employer/46769;Краснодар;
23;hh.ru;;;;Web backend/Ruby разработчик;https://spb.hh.ru/vacancy/37103331?query=ruby;ООО Mercury Development;https://hh.ru/employer/46769;Самара;
24;hh.ru;;200000;;Full Stack Разработчик (Ruby/ReactJS);https://spb.hh.ru/vacancy/38202817?query=ruby; Крым Диджитал Груп;https://hh.ru/employer/1766025;Севастополь;руб.
25;hh.ru;;;;Ruby On Rails Developer;https://spb.hh.ru/vacancy/36143829?query=ruby; Федеральное государственное бюджетное учреждение «Центр экспертизы и координации информатизации» (ФГБУ «ЦЭКИ»);https://hh.ru/employer/941167;Москва, Павелецкая и еще 2 ;
26;hh.ru;;;;Ruby developer;https://spb.hh.ru/vacancy/38939308?query=ruby; SFXDX;https://hh.ru/employer/3315832;Новосибирск;
27;hh.ru;;;;Middle Backend-разработчик (Ruby on Rails);https://spb.hh.ru/vacancy/38032190?query=ruby; Uchi.ru;https://hh.ru/employer/1046098;Москва, Улица 1905 года;
28;hh.ru;100000;180000;;Ruby-разработчик (удаленно);https://spb.hh.ru/vacancy/38844091?query=ruby; Cellar door;https://hh.ru/employer/4420523;Москва;руб.
29;hh.ru;100000;180000;;Ruby-разработчик (удаленно);https://spb.hh.ru/vacancy/38844090?query=ruby; Cellar door;https://hh.ru/employer/4420523;Екатеринбург;руб.
30;hh.ru;;;;Back-end Ruby разработчик;https://spb.hh.ru/vacancy/35812711?query=ruby; ДжетРуби Эйдженси;https://hh.ru/employer/3630887;Краснодар;
31;hh.ru;;;;Senior Backend-разработчик (Ruby on Rails);https://spb.hh.ru/vacancy/38032216?query=ruby; Uchi.ru;https://hh.ru/employer/1046098;Москва, Улица 1905 года;
32;hh.ru;100000;130000;;Backend разработчик (Ruby on Rails);https://spb.hh.ru/vacancy/38877587?query=ruby; Медицинские информационные решения;https://hh.ru/employer/1337459;Москва, Алексеевская и еще 1 ;руб.
33;hh.ru;30000;90000;;Программист Ruby;https://spb.hh.ru/vacancy/38115501?query=ruby;ООО Лайм Эйч Ди;https://hh.ru/employer/4071196;Чебоксары;руб.
34;hh.ru;100000;180000;;Ruby-разработчик (удаленно);https://spb.hh.ru/vacancy/38844092?query=ruby; Cellar door;https://hh.ru/employer/4420523;Новосибирск;руб.
35;hh.ru;;;;Разработчик Ruby;https://spb.hh.ru/vacancy/38259544?query=ruby; Бюджетные и Финансовые Технологии;https://hh.ru/employer/9188;Москва, Дмитровская;
36;hh.ru;;;;Middle+/Senior Ruby разработчик;https://spb.hh.ru/vacancy/38948270?query=ruby;ООО СтандартПроект;https://hh.ru/employer/2942396;Москва;
37;hh.ru;;;;Senior Ruby developer;https://spb.hh.ru/vacancy/38458427?query=ruby; QIWI;https://hh.ru/employer/3125;Москва;
38;hh.ru;;;;Middle-разработчик Ruby on Rails;https://spb.hh.ru/vacancy/38932736?query=ruby; AT Consulting;https://hh.ru/employer/20145;Москва;
39;hh.ru;;;;Middle/Senior Ruby Developer;https://spb.hh.ru/vacancy/38827700?query=ruby; Convead;https://hh.ru/employer/1559883;Москва;
40;hh.ru;150000;;;Ruby Backend-разработчик;https://spb.hh.ru/vacancy/37479481?query=ruby; KUPIBILET.RU;https://hh.ru/employer/950613;Санкт-Петербург, Гостиный двор и еще 2 ;руб.
41;hh.ru;;;;Разработчик Ruby;https://spb.hh.ru/vacancy/38904475?query=ruby; Лига Цифровой Экономики;https://hh.ru/employer/2733062;Москва;
42;hh.ru;;;;Ruby on Rails Developer;https://spb.hh.ru/vacancy/36574543?query=ruby;ООО АйТи Мониторинг;https://hh.ru/employer/1962711;Краснодар;
43;hh.ru;120000;;;Программист Ruby on Rails (Full stack Developer Ruby / Middle Ruby программист);https://spb.hh.ru/vacancy/38432796?query=ruby;АО Группа компаний СТС;https://hh.ru/employer/2063001;Москва;руб.
44;hh.ru;;;;Middle-разработчик Ruby on Rails;https://spb.hh.ru/vacancy/38932915?query=ruby; Лига Цифровой Экономики;https://hh.ru/employer/2733062;Москва;
45;hh.ru;;;;Web backend/Ruby разработчик;https://spb.hh.ru/vacancy/38642897?query=ruby;ООО Mercury Development;https://hh.ru/employer/46769;Тольятти;
46;hh.ru;;;;Remote Senior Ruby on Rails Developer;https://spb.hh.ru/vacancy/38998014?query=ruby; Scopic Software;https://hh.ru/employer/1234509;Екатеринбург;
47;hh.ru;;;;Full-Stack / PHP developer;https://spb.hh.ru/vacancy/38937092?query=ruby;ООО Ласт Левел;https://hh.ru/employer/2523802;Санкт-Петербург, Горьковская и еще 1 ;
48;hh.ru;;;;Ruby программист (Middle);https://spb.hh.ru/vacancy/38953610?query=ruby;ООО PEOPLE;https://hh.ru/employer/2181556;Красноярск;
49;hh.ru;;;;Разработчик Ruby;https://spb.hh.ru/vacancy/38842337?query=ruby; ОНСЕК;https://hh.ru/employer/2156053;Москва;
50;hh.ru;;;;Senior Ruby Developer;https://spb.hh.ru/vacancy/31599205?query=ruby; DataArt;https://hh.ru/employer/69961;Воронеж;
51;hh.ru;;200000;;Ruby on Rails разработчик;https://spb.hh.ru/vacancy/38367717?query=ruby; Star-staff;https://hh.ru/employer/1111058;Москва;руб.
52;hh.ru;;;;Ruby on Rails developer;https://spb.hh.ru/vacancy/38891208?query=ruby;ООО Медпортал;https://hh.ru/employer/125734;Москва, Цветной бульвар и еще 1 ;
53;hh.ru;90000;150000;;Разработчик Ruby on Rails;https://spb.hh.ru/vacancy/38084066?query=ruby; VSEMAYKI.RU;https://hh.ru/employer/873710;Смоленск;руб.
54;hh.ru;80000;;;Разработчик Ruby on rails;https://spb.hh.ru/vacancy/38838302?query=ruby; СИГМА;https://hh.ru/employer/238161;Челябинск;руб.
55;hh.ru;;;;Ruby on Rails-разработчик;https://spb.hh.ru/vacancy/38877851?query=ruby; Noveo;https://hh.ru/employer/56119;Санкт-Петербург, Площадь Ленина;
56;hh.ru;20000;80000;;Web-разработчик;https://spb.hh.ru/vacancy/38787049?query=ruby; ИТ-ЛИНК;https://hh.ru/employer/3822645;Курган;руб.
57;hh.ru;200000;250000;;Senior Ruby on Rails developer;https://spb.hh.ru/vacancy/38691928?query=ruby; Azur Games;https://hh.ru/employer/2666179;Москва, Минская;руб.
58;hh.ru;90000;150000;;Разработчик Ruby on Rails;https://spb.hh.ru/vacancy/38084065?query=ruby; VSEMAYKI.RU;https://hh.ru/employer/873710;Новосибирск;руб.
59;hh.ru;120000;250000;;Ruby on Rails разработчик;https://spb.hh.ru/vacancy/38576832?query=ruby; CASTLE;https://hh.ru/employer/3875620;Самара;руб.
60;hh.ru;;;;Разработчик Ruby on Rails;https://spb.hh.ru/vacancy/38841774?query=ruby;ООО МКК 4финанс;https://hh.ru/employer/922044;Новосибирск;
61;hh.ru;100000;160000;;Ruby on Rails разработчик;https://spb.hh.ru/vacancy/38550046?query=ruby;ООО Спутник;https://hh.ru/employer/1916308;Санкт-Петербург;руб.
62;hh.ru;120000;180000;;Разработчик Ruby on Rails\ Старший разработчик Ruby on Rails (удаленно);https://spb.hh.ru/vacancy/38725607?query=ruby;ООО «Баланс-Платформа»;https://hh.ru/employer/2643808;Москва;руб.
63;hh.ru;90000;150000;;Разработчик Ruby on Rails;https://spb.hh.ru/vacancy/38084067?query=ruby; VSEMAYKI.RU;https://hh.ru/employer/873710;Москва;руб.
64;hh.ru;;;;Middle Ruby on Rails Developer;https://spb.hh.ru/vacancy/37349892?query=ruby; Itransition;https://hh.ru/employer/204511;Санкт-Петербург, Гостиный двор и еще 1 ;
65;hh.ru;90000;;;Ruby on rails программист;https://spb.hh.ru/vacancy/38627135?query=ruby; Genesix;https://hh.ru/employer/1699534;Калининград;руб.
66;hh.ru;;;;Ruby developer;https://spb.hh.ru/vacancy/38813439?query=ruby; Selecty;https://hh.ru/employer/2406247;Москва;
67;hh.ru;150000;150000;;Программист Ruby;https://spb.hh.ru/vacancy/38510507?query=ruby; НИТУ МИСиС;https://hh.ru/employer/135778;Москва, Октябрьская;руб.
68;hh.ru;;90000;;Автор работ по программированию (Ruby on Rails/под Linux/Ассемблер);https://spb.hh.ru/vacancy/36439381?query=ruby; Homework;https://hh.ru/employer/11463;Санкт-Петербург;руб.
69;hh.ru;;140000;;Ruby on Rails разработчик (младший);https://spb.hh.ru/vacancy/38118227?query=ruby;ООО «Баланс-Платформа»;https://hh.ru/employer/2643808;Москва;руб.
70;hh.ru;;;;Ruby разработчик;https://spb.hh.ru/vacancy/38584893?query=ruby;ООО БиАйЭй-Технолоджиз;https://hh.ru/employer/2565797;Санкт-Петербург, Фрунзенская;
71;hh.ru;;;;QA Automation (Ruby, удалённо);https://spb.hh.ru/vacancy/38813313?query=ruby; Selecty;https://hh.ru/employer/2406247;Москва;
72;hh.ru;;;;Программист Ruby;https://spb.hh.ru/vacancy/37042751?query=ruby;ООО НТЦ Вулкан;https://hh.ru/employer/913476;Москва, Измайлово и еще 1 ;
73;hh.ru;;;;Backend Developer (Ruby On Rails);https://spb.hh.ru/vacancy/37660890?query=ruby; iGooods;https://hh.ru/employer/1762038;Санкт-Петербург, Технологический институт и еще 1 ;
74;hh.ru;;;;Разработчик Ruby;https://spb.hh.ru/vacancy/38657714?query=ruby;ООО Ростелеком Информационные Технологии;https://hh.ru/employer/3144945;Новосибирск;
75;hh.ru;70000;120000;;Программист Ruby;https://spb.hh.ru/vacancy/34945612?query=ruby;АО НТЦ ЭЛИНС;https://hh.ru/employer/790859;Зеленоград;руб.
76;hh.ru;;;;Ruby-разработчик;https://spb.hh.ru/vacancy/37631281?query=ruby; Лига Цифровой Экономики;https://hh.ru/employer/2733062;Воронеж;
77;hh.ru;;;;Junior Ruby Developer;https://spb.hh.ru/vacancy/38502977?query=ruby; Sibdev;https://hh.ru/employer/3203124;Красноярск;
78;hh.ru;;;;Ruby on Rails Developer Middle + / Senior;https://spb.hh.ru/vacancy/38706069?query=ruby;ООО Рубиройд Девелопмент;https://hh.ru/employer/3236516;Москва;
79;hh.ru;40000;60000;;Junior Ruby on Rails разработчик;https://spb.hh.ru/vacancy/38550072?query=ruby;ООО Спутник;https://hh.ru/employer/1916308;Санкт-Петербург;руб.
80;hh.ru;;;;Ruby on Rails Developer Middle + / Senior;https://spb.hh.ru/vacancy/38706070?query=ruby;ООО Рубиройд Девелопмент;https://hh.ru/employer/3236516;Санкт-Петербург;
81;hh.ru;;;;Ruby разработчик (frontend);https://spb.hh.ru/vacancy/37149496?query=ruby;ООО Стрим;https://hh.ru/employer/939343;Москва, Технопарк;
82;hh.ru;120000;180000;;Разработчик Ruby on Rails (middle-senior);https://spb.hh.ru/vacancy/37983507?query=ruby;ООО «Баланс-Платформа»;https://hh.ru/employer/2643808;Москва;руб.
83;hh.ru;;4000;;Разработчик на фреймворке Ruby on Rails;https://spb.hh.ru/vacancy/38770822?query=ruby; Аверяскина Ольга Николаевна;https://hh.ru/employer/4844315;Москва;USD
84;hh.ru;;;;Full-Stack Ruby Developer;https://spb.hh.ru/vacancy/38202216?query=ruby; Toughbyte;https://hh.ru/employer/2428532;Москва, Улица 1905 года;
85;hh.ru;;;;Web backend/Ruby разработчик;https://spb.hh.ru/vacancy/37103544?query=ruby;ООО Mercury Development;https://hh.ru/employer/46769;Казань, Площадь Тукая;
86;hh.ru;;;;Разработчик информационных систем (Ruby on Rails);https://spb.hh.ru/vacancy/38550214?query=ruby; Ростелеком - Центры обработки данных;https://hh.ru/employer/852361;Москва;
87;hh.ru;;;;Разработчик информационных систем (Ruby on Rails);https://spb.hh.ru/vacancy/38550215?query=ruby; Ростелеком - Центры обработки данных;https://hh.ru/employer/852361;Казань;
88;hh.ru;6000;;;Senior Software Engineer, Database Engineering (Cube.js Core);https://spb.hh.ru/vacancy/36976348?query=ruby; Cube.js;https://hh.ru/employer/4573853;Москва;USD
89;hh.ru;200000;250000;;Ведущий PHP-разработчик / Senior php-developer;https://spb.hh.ru/vacancy/38951175?query=ruby;ООО МКК Русинтерфинанс;https://hh.ru/employer/1085439;Новосибирск, Площадь Ленина;руб.
90;hh.ru;100000;250000;;DevOps Engineer (Senior/Middle);https://spb.hh.ru/vacancy/38952557?query=ruby;ООО МКК Русинтерфинанс;https://hh.ru/employer/1085439;Новосибирск, Площадь Ленина;руб.
91;hh.ru;100000;;;Frontend-разработчик (JS);https://spb.hh.ru/vacancy/38921209?query=ruby;ООО Мастерская Цифровых Решений;https://hh.ru/employer/4617937;Москва, Текстильщики;руб.
92;hh.ru;60000;80000;;React.js frontend разработчик;https://spb.hh.ru/vacancy/38926826?query=ruby; Whalesburg s.r.o.;https://hh.ru/employer/2561111;Москва, Деловой центр;руб.
93;hh.ru;120000;150000;;Frontend-разработчик;https://spb.hh.ru/vacancy/38907236?query=ruby; UNIWEB;https://hh.ru/employer/886251;Санкт-Петербург;руб.
94;hh.ru;;;;Ruby developer (senior/middle);https://spb.hh.ru/vacancy/38513812?query=ruby;ООО Амбреллио;https://hh.ru/employer/2058497;Санкт-Петербург, Комендантский проспект;
95;hh.ru;2500;5000;;Senior/Middle Ruby developer;https://spb.hh.ru/vacancy/38790689?query=ruby; AMarkets;https://hh.ru/employer/128241;Москва;USD
96;hh.ru;;;;Senior Node.js Developer (Back-end) / Разработчик Node.js;https://spb.hh.ru/vacancy/38819361?query=ruby; Playvision;https://hh.ru/employer/1244353;Санкт-Петербург, Выборгская;
97;hh.ru;30000;;;Junior Frontend Developer;https://spb.hh.ru/vacancy/38741267?query=ruby; MEDODS;https://hh.ru/employer/2712047;Магнитогорск;руб.
98;hh.ru;;;;Node.JS разработчик;https://spb.hh.ru/vacancy/39031792?query=ruby;ООО Mercury Development;https://hh.ru/employer/46769;Краснодар;
99;hh.ru;;;;Разработчик Frontend;https://spb.hh.ru/vacancy/38253717?query=ruby; Soft-Werke;https://hh.ru/employer/211654;Санкт-Петербург, Василеостровская;
100;hh.ru;150000;230000;;Senior Back-end разработчик (Node.js);https://spb.hh.ru/vacancy/38530231?query=ruby; Hoodies;https://hh.ru/employer/2824279;Москва;руб.
101;hh.ru;;220000;;Python (Django) developer;https://spb.hh.ru/vacancy/38602900?query=ruby; evrone.ru;https://hh.ru/employer/598471;Москва;руб.
102;hh.ru;90000;;;Backend-разработчик;https://spb.hh.ru/vacancy/35629745?query=ruby; FunBox;https://hh.ru/employer/89953;Москва, Добрынинская и еще 2 ;руб.
103;hh.ru;90000;;;Backend-разработчик;https://spb.hh.ru/vacancy/37837879?query=ruby; FunBox;https://hh.ru/employer/89953;Ульяновск;руб.
104;hh.ru;80000;120000;;PHP-разработчик;https://spb.hh.ru/vacancy/35794682?query=ruby;ООО Mygento eCommerce Solutions;https://hh.ru/employer/1643357;Санкт-Петербург, Чернышевская;руб.
105;hh.ru;100000;220000;;Frontend Developer (React);https://spb.hh.ru/vacancy/38792071?query=ruby; evrone.ru;https://hh.ru/employer/598471;Москва;руб.
106;hh.ru;300000;;;Senior Backend Developer (AWS, Postgres, k8s, ruby, go, nodejs);https://spb.hh.ru/vacancy/38975926?query=ruby; Workato;https://hh.ru/employer/3106458;Москва;руб.
107;hh.ru;;150000;;Разработчик программист C++, Python, PHP, C#//NET, Ruby;https://spb.hh.ru/vacancy/38990660?query=ruby;ООО Ю.Би.Си;https://hh.ru/employer/3854473;Санкт-Петербург, Волковская и еще 2 ;руб.
108;hh.ru;;200000;;Back-end Разработчик (Ruby);https://spb.hh.ru/vacancy/34119556?query=ruby; Крым Диджитал Груп;https://hh.ru/employer/1766025;Севастополь;руб.
109;hh.ru;30000;;;Junior Backend Developer;https://spb.hh.ru/vacancy/37658622?query=ruby; MEDODS;https://hh.ru/employer/2712047;Магнитогорск;руб.
110;hh.ru;70000;100000;;Middle Frontend-разработчик;https://spb.hh.ru/vacancy/34709741?query=ruby;ООО Mygento eCommerce Solutions;https://hh.ru/employer/1643357;Санкт-Петербург, Чернышевская;руб.
111;hh.ru;;;;Senior Frontend-разработчик (React);https://spb.hh.ru/vacancy/38957878?query=ruby;ООО Мастерская Цифровых Решений;https://hh.ru/employer/4617937;Москва, Текстильщики;
112;hh.ru;;;;Backend-разработчик;https://spb.hh.ru/vacancy/38353847?query=ruby;ООО Эйлер;https://hh.ru/employer/3752923;Ульяновск;
113;hh.ru;;;;Senior Frontend Engineer (React);https://spb.hh.ru/vacancy/38919650?query=ruby; Akvelon;https://hh.ru/employer/213004;Санкт-Петербург;
114;hh.ru;120000;;;Разработчик Erlang/Elixir;https://spb.hh.ru/vacancy/38148703?query=ruby; FunBox;https://hh.ru/employer/89953;Екатеринбург;руб.
115;hh.ru;120000;;;Разработчик Erlang/Elixir;https://spb.hh.ru/vacancy/38148709?query=ruby; FunBox;https://hh.ru/employer/89953;Томск;руб.
116;hh.ru;120000;;;Разработчик Erlang/Elixir;https://spb.hh.ru/vacancy/38148717?query=ruby; FunBox;https://hh.ru/employer/89953;Санкт-Петербург;руб.
117;hh.ru;120000;;;Разработчик Erlang/Elixir;https://spb.hh.ru/vacancy/38149128?query=ruby; FunBox;https://hh.ru/employer/89953;Москва;руб.
118;hh.ru;120000;;;Разработчик Erlang/Elixir;https://spb.hh.ru/vacancy/38148697?query=ruby; FunBox;https://hh.ru/employer/89953;Ульяновск;руб.
119;hh.ru;120000;;;Разработчик Erlang/Elixir;https://spb.hh.ru/vacancy/38148670?query=ruby; FunBox;https://hh.ru/employer/89953;Новосибирск;руб.
120;hh.ru;;;;FullStack (Ruby/React) разработчик;https://spb.hh.ru/vacancy/38202801?query=ruby; ДжетРуби Эйдженси;https://hh.ru/employer/3630887;Краснодар;
121;hh.ru;20000;;;Web-разработчик (Junior web-developer);https://spb.hh.ru/vacancy/38930209?query=ruby; Exceed Team #3;https://hh.ru/employer/4870279;Таганрог;руб.
122;hh.ru;;170000;;Backend Developer;https://spb.hh.ru/vacancy/38757301?query=ruby; Ведомости;https://hh.ru/employer/2152292;Москва;руб.
123;hh.ru;;;;Web-программист;https://spb.hh.ru/vacancy/38173885?query=ruby; Фирма ВОДОКОМФОРТ;https://hh.ru/employer/1256842;Москва, Павелецкая и еще 1 ;
124;hh.ru;;;;Ruby developer (Office/ Remote);https://spb.hh.ru/vacancy/39035058?query=ruby; EPAM Systems, Inc.;https://hh.ru/employer/6769;Санкт-Петербург;
125;hh.ru;16000;30000;;Веб программист (Junior Web-разработчик);https://spb.hh.ru/vacancy/32848651?query=ruby;ООО РэйнбовСофт, НПО;https://hh.ru/employer/1033906;Саратов;руб.
126;hh.ru;;;;Middle Frontend Developer;https://spb.hh.ru/vacancy/38952012?query=ruby; Provectus;https://hh.ru/employer/841622;Казань;
127;hh.ru;;;;Back-end разработчик;https://spb.hh.ru/vacancy/38481932?query=ruby; RnD Soft;https://hh.ru/employer/1268602;Ростов-на-Дону;
128;hh.ru;50000;60000;;Web-разработчик;https://spb.hh.ru/vacancy/36809452?query=ruby;ООО Автоград Центр;https://hh.ru/employer/228249;Тюмень;руб.
129;hh.ru;;;;Full-stack Web разработчик;https://spb.hh.ru/vacancy/38980516?query=ruby;ООО РэйнбовСофт, НПО;https://hh.ru/employer/1033906;Саратов;
130;hh.ru;;;;Fullstack Ruby+Angular Developer (remote);https://spb.hh.ru/vacancy/38999930?query=ruby; Nitka Technologies;https://hh.ru/employer/939874;Санкт-Петербург;
131;hh.ru;;;;Fullstack Ruby+Angular Developer (remote);https://spb.hh.ru/vacancy/38999931?query=ruby; Nitka Technologies;https://hh.ru/employer/939874;Воронеж;
132;hh.ru;;;;Fullstack Ruby+Angular Developer (remote);https://spb.hh.ru/vacancy/38999932?query=ruby; Nitka Technologies;https://hh.ru/employer/939874;Самара;
133;hh.ru;;;;Fullstack Ruby+Angular Developer (remote);https://spb.hh.ru/vacancy/38999933?query=ruby; Nitka Technologies;https://hh.ru/employer/939874;Ростов-на-Дону;
134;hh.ru;;;;Fullstack Ruby+Angular Developer (remote);https://spb.hh.ru/vacancy/38999934?query=ruby; Nitka Technologies;https://hh.ru/employer/939874;Ижевск;
135;hh.ru;70000;200000;;Magento разработчик;https://spb.hh.ru/vacancy/36071016?query=ruby;ООО Mygento eCommerce Solutions;https://hh.ru/employer/1643357;Санкт-Петербург, Чернышевская;руб.
136;hh.ru;;;;Fullstack Ruby+Angular Developer (remote);https://spb.hh.ru/vacancy/38999386?query=ruby; Nitka Technologies;https://hh.ru/employer/939874;Нижний Новгород;
137;hh.ru;50000;120000;;Backend/frontend разработчик .Net (middle/senior);https://spb.hh.ru/vacancy/38822137?query=ruby; Advark Video Advertising Platform;https://hh.ru/employer/735247;Ижевск;руб.
138;hh.ru;;;;Frontend-разработчик Middle (React);https://spb.hh.ru/vacancy/37770966?query=ruby; ДжетРуби Эйдженси;https://hh.ru/employer/3630887;Краснодар;
139;hh.ru;;;;Senior Web QA;https://spb.hh.ru/vacancy/37101357?query=ruby;ООО Mercury Development;https://hh.ru/employer/46769;Самара;
140;hh.ru;12130;12130;;Стажер - программист PHP (Омск);https://spb.hh.ru/vacancy/38899113?query=ruby; amazingcat LLC;https://hh.ru/employer/1946378;Омск;руб.
141;hh.ru;2000;;;Rust Developer;https://spb.hh.ru/vacancy/36357908?query=ruby; TR Logic LLC;https://hh.ru/employer/2898081;Москва;EUR
142;hh.ru;;;;Middle веб-разработчик;https://spb.hh.ru/vacancy/38539002?query=ruby; Ronas IT;https://hh.ru/employer/889344;Омск;
143;hh.ru;130000;160000;;Middle BackEnd Developer;https://spb.hh.ru/vacancy/38455892?query=ruby;ООО Ликвид Рус;https://hh.ru/employer/4426123;Москва;руб.
144;hh.ru;12130;13700;;Стажер - программист PHP (Новосибирск);https://spb.hh.ru/vacancy/38899207?query=ruby; amazingcat LLC;https://hh.ru/employer/1946378;Новосибирск;руб.
145;hh.ru;2000;;;Rust Developer;https://spb.hh.ru/vacancy/37424615?query=ruby; TR Logic LLC;https://hh.ru/employer/2898081;Санкт-Петербург;EUR
146;hh.ru;;;;Backend Team Lead;https://spb.hh.ru/vacancy/38375755?query=ruby; Prequel;https://hh.ru/employer/3297595;Москва;
147;hh.ru;;120000;;Frontend Developer (React);https://spb.hh.ru/vacancy/39021569?query=ruby; HR Development;https://hh.ru/employer/4508336;Воронеж;руб.
148;hh.ru;170000;;;Senior Kotlin / Java разработчик;https://spb.hh.ru/vacancy/38586547?query=ruby; Эквид;https://hh.ru/employer/1147526;Самара, Алабинская;руб.
149;hh.ru;;;;Инженер (информационная безопасность);https://spb.hh.ru/vacancy/38188138?query=ruby; Angara Technologies Group;https://hh.ru/employer/1911403;Москва, Парк Победы;
150;hh.ru;150000;;;Senior Kotlin / Java разработчик;https://spb.hh.ru/vacancy/35172686?query=ruby; Эквид;https://hh.ru/employer/1147526;Ульяновск;руб.
151;hh.ru;;220000;;Lead/Senior Backend Developer;https://spb.hh.ru/vacancy/38757275?query=ruby; Ведомости;https://hh.ru/employer/2152292;Москва;руб.
152;hh.ru;;;;Разработчик NetSuite;https://spb.hh.ru/vacancy/38647104?query=ruby; DBI;https://hh.ru/employer/77301;Ростов-на-Дону;
153;hh.ru;100000;;;Middle Kotlin / Java разработчик;https://spb.hh.ru/vacancy/38553703?query=ruby; Эквид;https://hh.ru/employer/1147526;Ульяновск;руб.
154;hh.ru;180000;250000;;Java Developer;https://spb.hh.ru/vacancy/38773320?query=ruby; NOMIA;https://hh.ru/employer/2784276;Москва;руб.
155;hh.ru;;;;Программист-стажер;https://spb.hh.ru/vacancy/38890195?query=ruby;ООО Максимастер;https://hh.ru/employer/224897;Тула;
156;hh.ru;;;;Fullstack Javascript Developer;https://spb.hh.ru/vacancy/38714327?query=ruby; KUPIBILET.RU;https://hh.ru/employer/950613;Санкт-Петербург, Гостиный двор и еще 2 ;
157;hh.ru;;;;Python - разработчик;https://spb.hh.ru/vacancy/38813121?query=ruby; DataLine, Компания;https://hh.ru/employer/210154;Москва, Авиамоторная и еще 3 ;
158;hh.ru;;;;Middle/Senior Fullstack - разработчик;https://spb.hh.ru/vacancy/38993474?query=ruby; Uchi.ru;https://hh.ru/employer/1046098;Москва;
159;hh.ru;;;;Middle Frontend Developer;https://spb.hh.ru/vacancy/39043439?query=ruby; Ozon Информационные технологии;https://hh.ru/employer/2180?dpt=ozonru-2180-dev;Москва;
160;hh.ru;;;;Разработчик DevOps (SOC);https://spb.hh.ru/vacancy/38925013?query=ruby; Angara Technologies Group;https://hh.ru/employer/1911403;Москва, Парк Победы;
161;hh.ru;;;;Senior Java Developer;https://spb.hh.ru/vacancy/35997669?query=ruby; Дневник.ру;https://hh.ru/employer/581737;Санкт-Петербург;
162;hh.ru;50000;;;Тестировщик Middle;https://spb.hh.ru/vacancy/38630232?query=ruby;ООО Mygento eCommerce Solutions;https://hh.ru/employer/1643357;Санкт-Петербург, Чернышевская;руб.
163;hh.ru;50000;;;Sales Development Representative в outbound lead generation команду;https://spb.hh.ru/vacancy/38713964?query=ruby; evrone.ru;https://hh.ru/employer/598471;Москва;руб.
164;hh.ru;100000;160000;;DevOps инженер;https://spb.hh.ru/vacancy/38756422?query=ruby;ООО Инсейлс Рус;https://hh.ru/employer/1805574;Москва, Комсомольская;руб.
165;hh.ru;40000;100000;;UX/UI дизайнер;https://spb.hh.ru/vacancy/38769466?query=ruby; MPI;https://hh.ru/employer/4348469;Казань;руб.
166;hh.ru;130000;;;Data - engineer / SQL-разработчик;https://spb.hh.ru/vacancy/38284040?query=ruby; Эквид;https://hh.ru/employer/1147526;Ульяновск;руб.
167;hh.ru;65000;110000;;Middle GoLang разработчик;https://spb.hh.ru/vacancy/38491708?query=ruby;ООО iAGE Engineering;https://hh.ru/employer/2292996;Рязань;руб.
168;hh.ru;50000;;;Стажер FileMaker (Junior FileMaker developer);https://spb.hh.ru/vacancy/39024527?query=ruby; Deutsche Medizinische Union;https://hh.ru/employer/3483215;Москва, Сокол;руб.
169;hh.ru;;;;Системный администратор Linux;https://spb.hh.ru/vacancy/38560179?query=ruby;ООО «Баланс-Платформа»;https://hh.ru/employer/2643808;Москва;
170;hh.ru;50000;70000;;Программист;https://spb.hh.ru/vacancy/38313330?query=ruby;ООО Компания Стек;https://hh.ru/employer/52510;Ярославль;руб.
171;hh.ru;150000;;;Системный администратор Linux, DevOps;https://spb.hh.ru/vacancy/38950817?query=ruby; Айти Групп;https://hh.ru/employer/4715554;Москва;руб.
172;hh.ru;;;;QA Lead \ Senior QA;https://spb.hh.ru/vacancy/36802358?query=ruby;ООО ИК СИБИНТЕК;https://hh.ru/employer/197135;Москва;
173;hh.ru;;220000;;DevOps engineer;https://spb.hh.ru/vacancy/38565094?query=ruby; evrone.ru;https://hh.ru/employer/598471;Москва;руб.
174;hh.ru;150000;;;Преподаватель Python & Data Science и Machine Learning;https://spb.hh.ru/vacancy/36437887?query=ruby; Центр компьютерного обучения СПЕЦИАЛИСТ при МГТУ им. Н.Э.Баумана;https://hh.ru/employer/8219;Москва, Бауманская;руб.
175;hh.ru;;;;Руководитель группы разработки (Python);https://spb.hh.ru/vacancy/37988802?query=ruby; DataLine, Компания;https://hh.ru/employer/210154;Москва, Авиамоторная и еще 3 ;
176;hh.ru;;;;Devops Engineer;https://spb.hh.ru/vacancy/38274147?query=ruby; Soft-Werke;https://hh.ru/employer/211654;Санкт-Петербург, Василеостровская;
177;hh.ru;;;;Devops Engineer;https://spb.hh.ru/vacancy/38274750?query=ruby; Soft-Werke;https://hh.ru/employer/211654;Санкт-Петербург, Василеостровская;
178;hh.ru;100000;140000;;Системный инженер / DevOps;https://spb.hh.ru/vacancy/38281356?query=ruby;ООО Жить в Небе;https://hh.ru/employer/4606255;Санкт-Петербург;руб.
179;hh.ru;;140000;;Преподаватель компьютерных IT курсов, программирования, информатики;https://spb.hh.ru/vacancy/35869268?query=ruby; ЧУ ДО Московская школа программистов;https://hh.ru/employer/1358439;Москва;руб.
180;hh.ru;;140000;;Преподаватель компьютерных IT курсов, программирования, информатики;https://spb.hh.ru/vacancy/38673612?query=ruby; ЧУ ДО Московская школа программистов;https://hh.ru/employer/1358439;Мытищи;руб.
181;hh.ru;;;;Разработчик информационных систем;https://spb.hh.ru/vacancy/38997253?query=ruby; БизнесАвтоматика, НПЦ;https://hh.ru/employer/753622;Москва;
182;hh.ru;;;;Системный администратор Linux;https://spb.hh.ru/vacancy/38698985?query=ruby; Petrosoft LLC;https://hh.ru/employer/986766;Москва;
183;hh.ru;;;;Системный администратор Linux;https://spb.hh.ru/vacancy/38698986?query=ruby; Petrosoft LLC;https://hh.ru/employer/986766;Санкт-Петербург;
184;hh.ru;80000;;;Разработчик FileMaker (Middle FileMaker developer);https://spb.hh.ru/vacancy/39023795?query=ruby; Deutsche Medizinische Union;https://hh.ru/employer/3483215;Москва, Сокол;руб.
185;hh.ru;;200000;;Инженер DevOps;https://spb.hh.ru/vacancy/38619559?query=ruby; СофтТелематика;https://hh.ru/employer/1925969;Москва, Савеловская;руб.
186;hh.ru;1800;2300;;Senior Java developer;https://spb.hh.ru/vacancy/36434119?query=ruby; Setronica;https://hh.ru/employer/899681;Новосибирск;USD
187;hh.ru;;;;Tech Lead \ SRE;https://spb.hh.ru/vacancy/38064436?query=ruby; Petrosoft LLC;https://hh.ru/employer/986766;Москва;
188;hh.ru;;;;Tech Lead \ SRE;https://spb.hh.ru/vacancy/38064437?query=ruby; Petrosoft LLC;https://hh.ru/employer/986766;Санкт-Петербург;
189;hh.ru;;;;Руководитель отдела разработки ПО;https://spb.hh.ru/vacancy/37219570?query=ruby;ООО НТЦ Вулкан;https://hh.ru/employer/913476;Москва;
190;hh.ru;;;;Python developer (Data Engineer);https://spb.hh.ru/vacancy/33647219?query=ruby; Admitad;https://hh.ru/employer/790022;Москва, Дмитровская;
191;hh.ru;;;;DevOps инженер в продуктовую команду Скорозвон;https://spb.hh.ru/vacancy/38217040?query=ruby; NAUMEN;https://hh.ru/employer/42600;Екатеринбург;
192;hh.ru;;;;Системный администратор;https://spb.hh.ru/vacancy/37934161?query=ruby; ИнПлат;https://hh.ru/employer/737263;Москва, Достоевская и еще 2 ;
193;hh.ru;;;;Монтажник мебели;https://spb.hh.ru/vacancy/38994415?query=ruby; Mrs Ruby;https://hh.ru/employer/3447166;Москва;
194;hh.ru;;;;Platform Engineer (golang);https://spb.hh.ru/vacancy/39026943?query=ruby; Ozon Информационные технологии;https://hh.ru/employer/2180?dpt=ozonru-2180-dev;Москва, Деловой центр и еще 2 ;
195;hh.ru;35000;70000;;Ведущий программист;https://spb.hh.ru/vacancy/37661113?query=ruby; ФГУП МОКБ Марс;https://hh.ru/employer/113656;Москва;руб.
196;hh.ru;100000;;;Маляр по дереву;https://spb.hh.ru/vacancy/38994395?query=ruby; Mrs Ruby;https://hh.ru/employer/3447166;Москва;руб.
197;hh.ru;;;;Программист прикладного ПО встраиваемых систем;https://spb.hh.ru/vacancy/38221164?query=ruby;АО НПЦ «ЭЛВИС»;https://hh.ru/employer/206972;Москва;
198;hh.ru;;;;Системный программист ОС GNU/Linux встраиваемых систем;https://spb.hh.ru/vacancy/37146982?query=ruby;АО НПЦ «ЭЛВИС»;https://hh.ru/employer/206972;Зеленоград;
199;hh.ru;;;;Программист прикладного ПО встраиваемых систем;https://spb.hh.ru/vacancy/38221152?query=ruby;АО НПЦ «ЭЛВИС»;https://hh.ru/employer/206972;Зеленоград;
200;hh.ru;;;;Системный администратор Linux;https://spb.hh.ru/vacancy/35269146?query=ruby; НИИ «Восход»;https://hh.ru/employer/154761;Москва, Проспект Вернадского;
201;hh.ru;45000;150000;;Ведущий инженер-программист в группу бэкэнд-разработки;https://spb.hh.ru/vacancy/38116975?query=ruby;ООО Лайм Эйч Ди;https://hh.ru/employer/4071196;Чебоксары;руб.
202;hh.ru;;;;Системный администратор;https://spb.hh.ru/vacancy/38640031?query=ruby;АО РАСЧЕТНЫЕ РЕШЕНИЯ;https://hh.ru/employer/699283;Москва, Южная;
203;hh.ru;;;;System administrator Linux;https://spb.hh.ru/vacancy/36122045?query=ruby; mfms°;https://hh.ru/employer/543454;Москва, Автозаводская;
204;hh.ru;30000;45000;;Преподаватель IT-квантума;https://spb.hh.ru/vacancy/38803467?query=ruby;Нек. орг. АНО Красноярский детский технопарк «Кванториум;https://hh.ru/employer/3293385;Красноярск;руб.
205;hh.ru;;;;Бизнес-аналитик;https://spb.hh.ru/vacancy/38930628?query=ruby;ООО ХЭППИ ГЕЙМС СТУДИО;https://hh.ru/employer/2832681;Челябинск;
206;hh.ru;;;;Системный инженер (DevOps);https://spb.hh.ru/vacancy/35276347?query=ruby;ООО Тамтэк;https://hh.ru/employer/869395;Омск;
207;hh.ru;;;;Backend developer PHP (Payments);https://spb.hh.ru/vacancy/37783411?query=ruby; Xsolla Inc.;https://hh.ru/employer/823709;Пермь;
208;hh.ru;80000;130000;;DevOps инженер;https://spb.hh.ru/vacancy/38421857?query=ruby; MPI;https://hh.ru/employer/4348469;Иннополис;руб.
209;hh.ru;;;;Инженер-программист;https://spb.hh.ru/vacancy/37682628?query=ruby;АО НПЦ «ЭЛВИС»;https://hh.ru/employer/206972;Зеленоград;
210;hh.ru;;;;Специалист по функциональному тестированию;https://spb.hh.ru/vacancy/31061804?query=ruby;ООО ИК СИБИНТЕК;https://hh.ru/employer/197135;Москва;
211;hh.ru;;;;Backend разработчик (Middle\Senior);https://spb.hh.ru/vacancy/37789068?query=ruby; Ситимобил;https://hh.ru/employer/188712;Москва;
212;hh.ru;;;;Ведущий Ruby разработчик в Worki;https://spb.hh.ru/vacancy/38355915?query=ruby; Mail.ru Group;https://hh.ru/employer/15478;Москва, Аэропорт;
213;hh.ru;;;;DevOps Engineer;https://spb.hh.ru/vacancy/39045573?query=ruby; iX.co;https://hh.ru/employer/914078;Санкт-Петербург;
214;hh.ru;25000;70000;;Начинающий разработчик (программист);https://spb.hh.ru/vacancy/37399946?query=ruby;ООО Компания Стек;https://hh.ru/employer/52510;Ярославль;руб.
215;hh.ru;80000;;;Инженер-конструктор эксклюзивной мебели;https://spb.hh.ru/vacancy/38994422?query=ruby; Mrs Ruby;https://hh.ru/employer/3447166;Москва;руб.
216;hh.ru;;;;Android - разработчик;https://spb.hh.ru/vacancy/38966793?query=ruby;ООО Интеллектика;https://hh.ru/employer/124344;Ростов-на-Дону;
217;hh.ru;;;;Monitoring Engineer (Golang);https://spb.hh.ru/vacancy/38949982?query=ruby; Ozon Информационные технологии;https://hh.ru/employer/2180?dpt=ozonru-2180-dev;Москва, Деловой центр и еще 2 ;
218;hh.ru;25000;50000;;Junior Full Stack developer;https://spb.hh.ru/vacancy/38362399?query=ruby;ООО Дунайс;https://hh.ru/employer/2015060;Таганрог;руб.
219;hh.ru;;;;DevOps Manager;https://spb.hh.ru/vacancy/38715306?query=ruby; Align Technology;https://hh.ru/employer/27937;Москва, Тульская;
220;hh.ru;106000;;;Начальник отдела обеспечения качества разработки ПО;https://spb.hh.ru/vacancy/37124396?query=ruby;ПАО Татнефть;https://hh.ru/employer/575665;Казань;руб.
221;hh.ru;106000;;;Начальник отдела обеспечения качества разработки ПО;https://spb.hh.ru/vacancy/37124397?query=ruby;ПАО Татнефть;https://hh.ru/employer/575665;Альметьевск;руб.
222;hh.ru;;;;Администратор тестовых стендов;https://spb.hh.ru/vacancy/39047741?query=ruby;АО Сбербанк - Технологии;https://hh.ru/employer/906557;Санкт-Петербург;
223;hh.ru;;;;Специалист службы технической поддержки;https://spb.hh.ru/vacancy/38376026?query=ruby;АО РАСЧЕТНЫЕ РЕШЕНИЯ;https://hh.ru/employer/699283;Москва;
224;hh.ru;;;;Ведущий инженер в департамент базовых платформенных компонентов;https://spb.hh.ru/vacancy/39036450?query=ruby;АО Сбербанк - Технологии;https://hh.ru/employer/906557;Хабаровск;
225;hh.ru;30000;90000;;Системный инженер (Администратор СПД);https://spb.hh.ru/vacancy/33103405?query=ruby;ООО Лайм Эйч Ди;https://hh.ru/employer/4071196;Чебоксары;руб.
226;hh.ru;150000;200000;;Senior Software Engineer / Разработчик - алгоритмист;https://spb.hh.ru/vacancy/38792547?query=ruby; ENBISYS;https://hh.ru/employer/1178085;Томск;руб.
227;hh.ru;70000;100000;;Автослесарь-механик по ремонту грузовых автомобилей;https://spb.hh.ru/vacancy/39039309?query=ruby; JCat.ru;https://hh.ru/employer/1689259;Тула;руб.
228;hh.ru;;;;Стажёр web-разработчик;https://spb.hh.ru/vacancy/38362465?query=ruby;ООО Дунайс;https://hh.ru/employer/2015060;Таганрог;
229;hh.ru;60000;;;Менеджер оптового отдела продаж;https://spb.hh.ru/vacancy/38733004?query=ruby; ПроТрак77;https://hh.ru/employer/4843719;Москва;руб.
230;hh.ru;100000;150000;;Senior Software Engineer / Разработчик - алгоритмист;https://spb.hh.ru/vacancy/38296870?query=ruby; ENBISYS;https://hh.ru/employer/1178085;Томск;руб.
231;hh.ru;40000;;;Специалист по продажам автозапчастей;https://spb.hh.ru/vacancy/39043722?query=ruby;ООО ДСТ-Групп;https://hh.ru/employer/3821578;Сургут;руб.
232;hh.ru;30000;70000;;Python-разработчик;https://spb.hh.ru/vacancy/38976715?query=ruby; SMENA;https://hh.ru/employer/2336265;Уфа;руб.
233;hh.ru;;;;Главный специалист Отдела серверных решений/ Системный Администратор Linux (DevOps);https://spb.hh.ru/vacancy/34558594?query=ruby; «РОСБАНК, Societe Generale Group», с опытом работы;https://hh.ru/employer/599?dpt=rosbank-599-opyt;Москва, Речной вокзал;
234;hh.ru;;;;Senior Full Stack developer;https://spb.hh.ru/vacancy/38362456?query=ruby;ООО Дунайс;https://hh.ru/employer/2015060;Таганрог;
235;hh.ru;;;;Аналитик-технолог;https://spb.hh.ru/vacancy/38414460?query=ruby;ООО Элемент Лизинг;https://hh.ru/employer/14402;Москва;
236;hh.ru;200000;230000;;Systems Engineer;https://spb.hh.ru/vacancy/38391319?query=ruby;ООО Пролев технолоджис;https://hh.ru/employer/2015708;Санкт-Петербург;руб.
237;hh.ru;;;;Аналитик в Security Operations Center;https://spb.hh.ru/vacancy/32954155?query=ruby; Тинькофф;https://hh.ru/employer/78638;Москва, Водный стадион;
238;hh.ru;80000;110000;;Middle Full Stack developer;https://spb.hh.ru/vacancy/38362442?query=ruby;ООО Дунайс;https://hh.ru/employer/2015060;Таганрог;руб.
239;hh.ru;50000;;;Программист-разработчик/web-программист;https://spb.hh.ru/vacancy/38995982?query=ruby;ООО Техинвест;https://hh.ru/employer/1833960;Волгоград;руб.
240;hh.ru;;50000;;Младший программист;https://spb.hh.ru/vacancy/38984188?query=ruby;ЗАО НТЦ Передовые Системы;https://hh.ru/employer/44415;Москва, Бульвар Рокоссовского;руб.
241;hh.ru;;;;SRE & Observability Engineer (senior);https://spb.hh.ru/vacancy/38011674?query=ruby; Ozon Информационные технологии;https://hh.ru/employer/2180?dpt=ozonru-2180-dev;Москва;
242;hh.ru;;;;Lead DevOps Engineer;https://spb.hh.ru/vacancy/38539287?query=ruby; Зарплата.ру;https://hh.ru/employer/2605703;Новосибирск, Площадь Ленина;
243;hh.ru;;;;Team lead backend;https://spb.hh.ru/vacancy/38603924?query=ruby; TalentTech;https://hh.ru/employer/3238482;Москва, Марьина Роща и еще 2 ;
244;hh.ru;;;;Системный инженер (пентест);https://spb.hh.ru/vacancy/39009544?query=ruby;ООО Инжиниринговый Центр РЕГИОНАЛЬНЫЕ СИСТЕМЫ;https://hh.ru/employer/887248;Волгоград;
245;hh.ru;;;;Системный инженер (пентест);https://spb.hh.ru/vacancy/39009545?query=ruby;ООО Инжиниринговый Центр РЕГИОНАЛЬНЫЕ СИСТЕМЫ;https://hh.ru/employer/887248;Краснодар;
246;hh.ru;150000;250000;;DevOps ⁢Engineer;https://spb.hh.ru/vacancy/38063603?query=ruby; OneTwoTrip;https://hh.ru/employer/914908;Москва;руб.
247;hh.ru;;;;Стажер/веб-разработчик;https://spb.hh.ru/vacancy/38945760?query=ruby;ООО Дунайс Альянс;https://hh.ru/employer/3805803;Таганрог;
248;hh.ru;;;;Системный инженер (аналитик-программист);https://spb.hh.ru/vacancy/39008641?query=ruby;ООО Инжиниринговый Центр РЕГИОНАЛЬНЫЕ СИСТЕМЫ;https://hh.ru/employer/887248;Волгоград;
249;hh.ru;;;;Системный инженер (аналитик-программист);https://spb.hh.ru/vacancy/39008642?query=ruby;ООО Инжиниринговый Центр РЕГИОНАЛЬНЫЕ СИСТЕМЫ;https://hh.ru/employer/887248;Краснодар;
250;hh.ru;;100000;;Junior+, Middle DevOps engineer /Вьетнам/;https://spb.hh.ru/vacancy/38461826?query=ruby; NEOLAB;https://hh.ru/employer/1991184;Омск;руб.
251;hh.ru;;;;Senior Frontend Engineer (Canvas Widgets);https://spb.hh.ru/vacancy/37939660?query=ruby; Miro;https://hh.ru/employer/1084619;Пермь;
252;hh.ru;;;;Frontend (VanillaJS) Team Vostok;https://spb.hh.ru/vacancy/38461472?query=ruby; TradingView;https://hh.ru/employer/1235972;Ростов-на-Дону;
253;hh.ru;;159200;;Старший веб-разработчик;https://spb.hh.ru/vacancy/37626983?query=ruby;ООО Тамтэк;https://hh.ru/employer/869395;Саратов;руб.
254;hh.ru;;;;IOS engineer;https://spb.hh.ru/vacancy/37029661?query=ruby; iX.co;https://hh.ru/employer/914078;Санкт-Петербург;
255;hh.ru;;;;Системный администратор Unix;https://spb.hh.ru/vacancy/38379751?query=ruby; .masterhost;https://hh.ru/employer/4482;Москва, Кожуховская;
256;hh.ru;;;;Senior Backend Developer (Golang/C++/Ruby/Java);https://spb.hh.ru/vacancy/38928790?query=ruby; Star-staff;https://hh.ru/employer/1111058;Москва;
257;hh.ru;;;;Аналитик-разработчик;https://spb.hh.ru/vacancy/38384813?query=ruby; MPI;https://hh.ru/employer/4348469;Казань;
258;hh.ru;;;;Инженер-разработчик (Ruby);https://spb.hh.ru/vacancy/38328399?query=ruby; Rambler Group;https://hh.ru/employer/8620;Москва, Тульская;
259;hh.ru;;;;Node.JS разработчик;https://spb.hh.ru/vacancy/38236183?query=ruby;ООО Mercury Development;https://hh.ru/employer/46769;Тольятти;
260;hh.ru;;;;Junior QA Engineer/QA Engineer;https://spb.hh.ru/vacancy/38966740?query=ruby; Edisoft;https://hh.ru/employer/714423;Смоленск;
261;hh.ru;;;;Тестировщик ПО;https://spb.hh.ru/vacancy/38362067?query=ruby; Ростелеком - Центры обработки данных;https://hh.ru/employer/852361;Новосибирск;
262;hh.ru;;;;Тестировщик ПО;https://spb.hh.ru/vacancy/38362091?query=ruby; Ростелеком - Центры обработки данных;https://hh.ru/employer/852361;Тула;
263;hh.ru;;;;Node.JS разработчик;https://spb.hh.ru/vacancy/38236075?query=ruby;ООО Mercury Development;https://hh.ru/employer/46769;Саратов;
264;hh.ru;;;;Инженер DevOps;https://spb.hh.ru/vacancy/38965697?query=ruby; Лига Цифровой Экономики;https://hh.ru/employer/2733062;Хабаровск;
265;hh.ru;;;;Инженер DevOps;https://spb.hh.ru/vacancy/38965566?query=ruby; Лига Цифровой Экономики;https://hh.ru/employer/2733062;Екатеринбург;
266;hh.ru;;;;Инженер DevOps;https://spb.hh.ru/vacancy/38965340?query=ruby; Лига Цифровой Экономики;https://hh.ru/employer/2733062;Санкт-Петербург;
267;hh.ru;;;;Инженер DevOps;https://spb.hh.ru/vacancy/38965450?query=ruby; Лига Цифровой Экономики;https://hh.ru/employer/2733062;Новосибирск;
268;hh.ru;;;;Инженер DevOps;https://spb.hh.ru/vacancy/38965634?query=ruby; Лига Цифровой Экономики;https://hh.ru/employer/2733062;Омск;
269;hh.ru;;;;Data Engineer;https://spb.hh.ru/vacancy/38933063?query=ruby; Selecty;https://hh.ru/employer/2406247;Москва;
270;hh.ru;;;;Node.JS разработчик;https://spb.hh.ru/vacancy/38167368?query=ruby;ООО Mercury Development;https://hh.ru/employer/46769;Самара;
271;hh.ru;;;;Senior Web QA;https://spb.hh.ru/vacancy/37101095?query=ruby;ООО Mercury Development;https://hh.ru/employer/46769;Тольятти;
272;hh.ru;;;;Системный администратор облачной платформы;https://spb.hh.ru/vacancy/36204650?query=ruby; Selectel;https://hh.ru/employer/633069;Санкт-Петербург, Московские ворота;
273;hh.ru;;;;DevOps specialist;https://spb.hh.ru/vacancy/38980747?query=ruby; Атос АйТи Солюшенс энд Сервисез;https://hh.ru/employer/725989;Воронеж;
274;hh.ru;;;;DevOps specialist;https://spb.hh.ru/vacancy/38980748?query=ruby; Атос АйТи Солюшенс энд Сервисез;https://hh.ru/employer/725989;Краснодар;
275;hh.ru;200000;;;Backend developer (PHP);https://spb.hh.ru/vacancy/38392632?query=ruby;ООО Грация;https://hh.ru/employer/2878582;Москва;руб.
276;hh.ru;30000;;;Программист-стажер 1С;https://spb.hh.ru/vacancy/38954702?query=ruby; Первый Бит;https://hh.ru/employer/3177;Москва, Войковская;руб.
277;hh.ru;;;;Senior Ruby Developer (Team Leader), Booking Platform;https://spb.hh.ru/vacancy/38928936?query=ruby; DataArt;https://hh.ru/employer/69961;Воронеж;
278;hh.ru;;;;Сетевой инженер;https://spb.hh.ru/vacancy/38362107?query=ruby; Ростелеком - Центры обработки данных;https://hh.ru/employer/852361;Новосибирск, Красный проспект и еще 2 ;
279;hh.ru;;;;Системный администратор (DEVOPS);https://spb.hh.ru/vacancy/38730350?query=ruby;ООО Центр поддержки-Воронеж;https://hh.ru/employer/4176365;Севастополь;
280;hh.ru;;106000;;Системный инженер (DevOps);https://spb.hh.ru/vacancy/36329285?query=ruby;ООО Тамтэк;https://hh.ru/employer/869395;Саратов;руб.
281;hh.ru;;120000;;Программист (г. Москва);https://spb.hh.ru/vacancy/38912786?query=ruby;АО Динамика, ЦНТУ;https://hh.ru/employer/49518;Москва;руб.
282;hh.ru;130000;;;Инженер по автоматизации тестирования;https://spb.hh.ru/vacancy/38943344?query=ruby; ГК «ВИЗАВИ Консалт»;https://hh.ru/employer/1326;Сочи;руб.
283;hh.ru;130000;;;Инженер по автоматизации тестирования;https://spb.hh.ru/vacancy/38943345?query=ruby; ГК «ВИЗАВИ Консалт»;https://hh.ru/employer/1326;Санкт-Петербург;руб.
284;hh.ru;130000;;;Инженер по автоматизации тестирования;https://spb.hh.ru/vacancy/38943346?query=ruby; ГК «ВИЗАВИ Консалт»;https://hh.ru/employer/1326;Краснодар;руб.
285;hh.ru;35000;40000;;Автор скринкастов по программированию в образовательный проект;https://spb.hh.ru/vacancy/38624938?query=ruby; Startup Lessons;https://hh.ru/employer/4827922;Тольятти;руб.
286;hh.ru;;;;Junior Инженер DevOps;https://spb.hh.ru/vacancy/38928545?query=ruby; Лига Цифровой Экономики;https://hh.ru/employer/2733062;Москва;
287;hh.ru;;;;Junior Администратор Linux;https://spb.hh.ru/vacancy/38928600?query=ruby; Лига Цифровой Экономики;https://hh.ru/employer/2733062;Москва;
288;hh.ru;;;;Администратор тестовых сред;https://spb.hh.ru/vacancy/38676088?query=ruby;АО Сбербанк - Технологии;https://hh.ru/employer/906557;Москва;
289;hh.ru;;;;DevOps инженер;https://spb.hh.ru/vacancy/38603600?query=ruby; МойОфис;https://hh.ru/employer/213397;Санкт-Петербург;
290;hh.ru;;;;Lead Back-end Developer;https://spb.hh.ru/vacancy/38933323?query=ruby; Flocktory;https://hh.ru/employer/711221;Москва;
291;hh.ru;;;;Application Security Specialist/Reverse engineer;https://spb.hh.ru/vacancy/38384828?query=ruby; Лаборатория Касперского;https://hh.ru/employer/1057;Москва;
292;hh.ru;250000;350000;;Ведущий разработчик;https://spb.hh.ru/vacancy/38701269?query=ruby;ООО Прокрафт;https://hh.ru/employer/2280548;Москва;руб.
293;hh.ru;120000;;;Разработчик платформы создания моделей МО;https://spb.hh.ru/vacancy/37391427?query=ruby; Университет ИТМО;https://hh.ru/employer/1795976;Санкт-Петербург, Василеостровская;руб.
294;hh.ru;;;;Системный администратор Linux;https://spb.hh.ru/vacancy/38935454?query=ruby; Лига Цифровой Экономики;https://hh.ru/employer/2733062;Курск;
295;hh.ru;90000;140000;;Middle / Senior React developer;https://spb.hh.ru/vacancy/32611281?query=ruby;ООО МедиаСофт;https://hh.ru/employer/1666189;Санкт-Петербург, Площадь Ленина;руб.
296;hh.ru;;;;IOS разработчик;https://spb.hh.ru/vacancy/36027039?query=ruby; МойОфис;https://hh.ru/employer/213397;Санкт-Петербург;
297;hh.ru;;;;Инженер по ручному тестированию;https://spb.hh.ru/vacancy/38287133?query=ruby;ООО АйТи Мониторинг;https://hh.ru/employer/1962711;Краснодар;
298;hh.ru;;;;Специалист отдела систем автоматизированного проектирования;https://spb.hh.ru/vacancy/38936222?query=ruby;АО НИПИГАЗ;https://hh.ru/employer/2921408;Краснодар;
299;hh.ru;;;;Архитектор программного обеспечения;https://spb.hh.ru/vacancy/37372313?query=ruby;ООО АйТи Мониторинг;https://hh.ru/employer/1962711;Краснодар;
300;hh.ru;2500;4000;;Ruby-on-Rails / React / React-Native Developer (Remote);https://spb.hh.ru/vacancy/38902573?query=ruby; LI2EI, LLC;https://hh.ru/employer/4866307;Москва;USD
301;hh.ru;155000;160000;;QA-engineer / Team Lead;https://spb.hh.ru/vacancy/38906647?query=ruby; UNIWEB;https://hh.ru/employer/886251;Санкт-Петербург;руб.
302;hh.ru;30000;80000;;Веб-программист;https://spb.hh.ru/vacancy/31068114?query=ruby;ООО Фастек;https://hh.ru/employer/153410;Чебоксары;руб.
303;hh.ru;;;;Front-end Developer;https://spb.hh.ru/vacancy/38890375?query=ruby; Flatstack;https://hh.ru/employer/1339158;Казань, Площадь Тукая;
304;hh.ru;;;;DevOps инженер;https://spb.hh.ru/vacancy/38725956?query=ruby; Pixonic;https://hh.ru/employer/1034125;Москва, Маяковская и еще 2 ;
305;hh.ru;150000;;;Frontend-разработчик;https://spb.hh.ru/vacancy/38706963?query=ruby; KUPIBILET.RU;https://hh.ru/employer/950613;Санкт-Петербург, Гостиный двор и еще 2 ;руб.
306;hh.ru;40000;100000;;UX/UI дизайнер;https://spb.hh.ru/vacancy/38322137?query=ruby; MPI;https://hh.ru/employer/4348469;Иннополис;руб.
307;hh.ru;;;;Разработчик верхнего уровня (front-end);https://spb.hh.ru/vacancy/38456902?query=ruby;ООО ИнТех;https://hh.ru/employer/2697029;Тюмень;
308;hh.ru;170000;;;Middle / Senior Ruby/RoR developer;https://spb.hh.ru/vacancy/38867524?query=ruby; Datacrafts;https://hh.ru/employer/4773904;Саратов;руб.
309;hh.ru;;;;Middle/Senior Разработчик Ruby on Rails (GeekBrains);https://spb.hh.ru/vacancy/38827262?query=ruby; Mail.ru Group;https://hh.ru/employer/15478;Москва;
310;hh.ru;;;;RoR разработчик/ RoR developer;https://spb.hh.ru/vacancy/37735664?query=ruby;ООО Инконсалт;https://hh.ru/employer/4598809;Москва;
311;hh.ru;90000;130000;;Front-end разработчик (React, Redux/Apollo);https://spb.hh.ru/vacancy/38879578?query=ruby; Genesix;https://hh.ru/employer/1699534;Казань;руб.
312;hh.ru;;120000;;QA Engineer (Web);https://spb.hh.ru/vacancy/38868130?query=ruby; ProfiStaff;https://hh.ru/employer/25022;Москва;руб.
313;hh.ru;;120000;;QA Engineer (Web);https://spb.hh.ru/vacancy/38868131?query=ruby; ProfiStaff;https://hh.ru/employer/25022;Казань;руб.
314;hh.ru;;;;Senior DevOps engineer (Contact Center);https://spb.hh.ru/vacancy/37763663?query=ruby; DINS;https://hh.ru/employer/168307;Санкт-Петербург, Елизаровская;
315;hh.ru;;;;QA engineer (Web);https://spb.hh.ru/vacancy/38899349?query=ruby; PicsArt;https://hh.ru/employer/3842701;Москва, Белорусская и еще 2 ;
316;hh.ru;150000;;;Руководитель WEB-проектов со знанием Ruby;https://spb.hh.ru/vacancy/38842745?query=ruby;ООО МЕМО;https://hh.ru/employer/36805;Москва;руб.
317;hh.ru;;;;Системный Администратор Отдела Серверных Решений (DEVOPS) удаленно;https://spb.hh.ru/vacancy/38221559?query=ruby; «РОСБАНК, Societe Generale Group», с опытом работы;https://hh.ru/employer/599?dpt=rosbank-599-opyt;Москва;
318;hh.ru;;;;Frontend JavaScript разработчик;https://spb.hh.ru/vacancy/38707031?query=ruby; KUPIBILET.RU;https://hh.ru/employer/950613;Санкт-Петербург, Гостиный двор и еще 2 ;
319;hh.ru;;;;QA Engineer (Anymeeting Mobile team);https://spb.hh.ru/vacancy/38036656?query=ruby; Intermedia;https://hh.ru/employer/86298;Санкт-Петербург, Площадь Александра Невского 1;
320;hh.ru;;;;QA Engineer (Anymeeting Mobile team);https://spb.hh.ru/vacancy/36462294?query=ruby; Intermedia;https://hh.ru/employer/86298;Санкт-Петербург, Площадь Александра Невского 1;
321;hh.ru;80000;150000;;Middle Front-end разработчик JavaScript / React;https://spb.hh.ru/vacancy/38264522?query=ruby; MPI;https://hh.ru/employer/4348469;Иннополис;руб.
322;hh.ru;;;;Тестировщик ПО;https://spb.hh.ru/vacancy/38211176?query=ruby; Edisoft;https://hh.ru/employer/714423;Смоленск;
323;hh.ru;150000;;;FrontEnd-developer;https://spb.hh.ru/vacancy/38845747?query=ruby;;;Москва;руб.
324;hh.ru;80000;100000;;Ведущий тестировщик ПО/QA lead (Удаленно);https://spb.hh.ru/vacancy/38871261?query=ruby;ООО Алитикс;https://hh.ru/employer/1449896;Москва;руб.
325;hh.ru;;;;Python Developer (cloud solutions);https://spb.hh.ru/vacancy/38162221?query=ruby; Сбербанк для экспертов;https://hh.ru/employer/3529?dpt=3529-3529-prof;Москва, Кожуховская;
326;hh.ru;30000;60000;;Системный администратор;https://spb.hh.ru/vacancy/38144717?query=ruby;ООО Фастек;https://hh.ru/employer/153410;Чебоксары;руб.
327;hh.ru;;;;Middle QA Engineer/ Тестировщик ПО;https://spb.hh.ru/vacancy/37615265?query=ruby; Edisoft;https://hh.ru/employer/714423;Смоленск;
328;hh.ru;;;;Системный администратор Linux / Site Reliability Engineer;https://spb.hh.ru/vacancy/38898341?query=ruby; Mail.ru Group;https://hh.ru/employer/15478;Москва;
329;hh.ru;200000;;;Senior Java Developer (RubyMine);https://spb.hh.ru/vacancy/38849169?query=ruby; JetBrains;https://hh.ru/employer/9281;Санкт-Петербург, Беговая и еще 1 ;руб.
330;hh.ru;120000;200000;;Разработчик JavaScript (Node.js Back-end);https://spb.hh.ru/vacancy/38820488?query=ruby; OneTwoTrip;https://hh.ru/employer/914908;Москва;руб.
331;hh.ru;;;;Senior Infrastructure Engineer;https://spb.hh.ru/vacancy/36968992?query=ruby; Five9, Inc., СА;https://hh.ru/employer/81599;Нижний Новгород;
332;hh.ru;;;;QA Engineer/ Тестировщик ПО;https://spb.hh.ru/vacancy/37615428?query=ruby; Edisoft;https://hh.ru/employer/714423;Симферополь;
333;hh.ru;;;;SRE/DevOps Engineer;https://spb.hh.ru/vacancy/37291746?query=ruby; goods;https://hh.ru/employer/2804795;Москва;
334;hh.ru;;;;QA Lead;https://spb.hh.ru/vacancy/38872260?query=ruby; Cellar door;https://hh.ru/employer/4420523;Екатеринбург;
335;hh.ru;;;;QA Engineer/ Тестировщик ПО;https://spb.hh.ru/vacancy/37615369?query=ruby; Edisoft;https://hh.ru/employer/714423;Псков;
336;hh.ru;;;;Frontend разработчик;https://spb.hh.ru/vacancy/38139292?query=ruby; Федеральное государственное бюджетное учреждение «Центр экспертизы и координации информатизации» (ФГБУ «ЦЭКИ»);https://hh.ru/employer/941167;Москва;
337;hh.ru;;;;Разработчик iOS;https://spb.hh.ru/vacancy/38865789?query=ruby; Eastwood;https://hh.ru/employer/896866;Пенза;
338;hh.ru;;;;SEO-специалист;https://spb.hh.ru/vacancy/38863876?query=ruby; Сбербанк для экспертов;https://hh.ru/employer/3529?dpt=3529-3529-prof;Москва;
339;hh.ru;40000;70000;;Инженер-программист;https://spb.hh.ru/vacancy/38883489?query=ruby; Белинфоналог;https://hh.ru/employer/851318;Белгород;руб.
340;hh.ru;1500;3000;;QA Specialist;https://spb.hh.ru/vacancy/38889843?query=ruby;ООО Chatfuel;https://hh.ru/employer/2612930;Москва;USD
341;hh.ru;;;;Ruby on rails / C++ developer;https://spb.hh.ru/vacancy/38779934?query=ruby;ООО Акронис-Инфозащита;https://hh.ru/employer/4357678;Москва, Алтуфьево;
342;hh.ru;;;;QA automation engineer (Инженер по автоматизации тестирования Python);https://spb.hh.ru/vacancy/37311931?query=ruby; Social Quantum;https://hh.ru/employer/346616;Москва;
343;hh.ru;;;;QA automation engineer (Инженер по автоматизации тестирования Python);https://spb.hh.ru/vacancy/37311938?query=ruby; Social Quantum;https://hh.ru/employer/346616;Санкт-Петербург;
344;hh.ru;80000;100000;;Ведущий тестировщик ПО/QA lead;https://spb.hh.ru/vacancy/38862615?query=ruby;ООО Алитикс;https://hh.ru/employer/1449896;Зеленоград;руб.
345;hh.ru;1800;;;Senior System Administrator (OPS);https://spb.hh.ru/vacancy/38601802?query=ruby; EXANTE;https://hh.ru/employer/597423;Москва;EUR
346;hh.ru;45000;75000;;Backend разработчик;https://spb.hh.ru/vacancy/37857868?query=ruby;ООО ТД Технодар;https://hh.ru/employer/700330;Петрозаводск;руб.
347;hh.ru;2000;4000;;Middle+/Senior Developer (B2С-сервис в сфере трейдинга и криптовалют);https://spb.hh.ru/vacancy/38626992?query=ruby; Токарева Анастасия;https://hh.ru/employer/4829624;Москва;USD
348;hh.ru;;;;Senior/middle DevOps инженер;https://spb.hh.ru/vacancy/37738615?query=ruby; Align Technology;https://hh.ru/employer/27937;Москва, Тульская;
349;hh.ru;;;;Golang developer;https://spb.hh.ru/vacancy/36854662?query=ruby;ООО Ростелеком Информационные Технологии;https://hh.ru/employer/3144945;Москва;
350;hh.ru;;;;Ведущий специалист (каталоги AVEVA);https://spb.hh.ru/vacancy/38867539?query=ruby;АО НИПИГАЗ;https://hh.ru/employer/2921408;Санкт-Петербург;
351;hh.ru;;;;Team Lead (Frontend, Canvas Widgets);https://spb.hh.ru/vacancy/38843423?query=ruby; Miro;https://hh.ru/employer/1084619;Пермь;
352;hh.ru;160000;200000;;Инженер по автоматизации тестирования;https://spb.hh.ru/vacancy/38851909?query=ruby;ИП Менажиева Гульжана Темерхановна;https://hh.ru/employer/3347569;Москва;руб.
353;hh.ru;;;;IOS-разработчик;https://spb.hh.ru/vacancy/38355406?query=ruby;ООО BSC Msc;https://hh.ru/employer/1619010;Нижний Новгород, Стрелка ;
354;hh.ru;;;;IOS-разработчик;https://spb.hh.ru/vacancy/38355411?query=ruby;ООО BSC Msc;https://hh.ru/employer/1619010;Ижевск;
355;hh.ru;;;;IOS-разработчик;https://spb.hh.ru/vacancy/38355420?query=ruby;ООО BSC Msc;https://hh.ru/employer/1619010;Белгород;
356;hh.ru;;;;IOS-разработчик;https://spb.hh.ru/vacancy/37962830?query=ruby;ООО BSC Msc;https://hh.ru/employer/1619010;Владимир;
357;hh.ru;120000;170000;;Системный администратор / Devops инженер;https://spb.hh.ru/vacancy/38865987?query=ruby;ООО Инспектор Клауд;https://hh.ru/employer/2544353;Москва;руб.
358;hh.ru;200000;200000;;Ведущий разработчик (Ruby);https://spb.hh.ru/vacancy/38779879?query=ruby; НИТУ МИСиС;https://hh.ru/employer/135778;Москва, Добрынинская и еще 2 ;руб.
359;hh.ru;;;;Инженер по автоматизации тестирования (Mobile SW);https://spb.hh.ru/vacancy/38844240?query=ruby; Лаборатория Касперского;https://hh.ru/employer/1057;Москва, Водный стадион;
360;hh.ru;;3500;;Senior Frontend developer (удаленно);https://spb.hh.ru/vacancy/38267835?query=ruby; Cellar door;https://hh.ru/employer/4420523;Москва;USD
361;hh.ru;300000;400000;;Senior Backend Developer (Python);https://spb.hh.ru/vacancy/38826414?query=ruby; Dorm Limited;https://hh.ru/employer/4856659;Москва;руб.
362;hh.ru;120000;;;Программист-разработчик;https://spb.hh.ru/vacancy/38837157?query=ruby; ФГБУ ФРЦ Минздрава России;https://hh.ru/employer/2909144;Москва, Тимирязевская;руб.
363;hh.ru;;;;Серверный разработчик / Backend Developer;https://spb.hh.ru/vacancy/26831739?query=ruby; Ситимобил;https://hh.ru/employer/188712;Москва;
364;hh.ru;110000;150000;;Senior Angular developer;https://spb.hh.ru/vacancy/30619029?query=ruby;ООО МедиаСофт;https://hh.ru/employer/1666189;Ульяновск;руб.
365;hh.ru;;;;Product Owner;https://spb.hh.ru/vacancy/38842218?query=ruby; ОНСЕК;https://hh.ru/employer/2156053;Москва;
366;hh.ru;;;;Security Researcher / Вирусный аналитик (ICS CERT);https://spb.hh.ru/vacancy/37226611?query=ruby; Лаборатория Касперского;https://hh.ru/employer/1057;Москва, Динамо;
367;hh.ru;;;;QA инженер (стек Ruby);https://spb.hh.ru/vacancy/38785971?query=ruby; Альфа-Банк;https://hh.ru/employer/80;Москва, Технопарк;
368;hh.ru;;110000;;PHP-программист \ Backend-разработчик (удаленно);https://spb.hh.ru/vacancy/37692587?query=ruby; Новый Диск;https://hh.ru/employer/3891;Москва, Марьина Роща;руб.
369;hh.ru;;;;Backend Developer, Marketplace team (Golang);https://spb.hh.ru/vacancy/38814997?query=ruby; Wheely;https://hh.ru/employer/890667;Москва, Сухаревская и еще 1 ;
370;hh.ru;;;;Frontend-разработчик;https://spb.hh.ru/vacancy/37631552?query=ruby; TalentTech;https://hh.ru/employer/3238482;Москва, Марьина Роща и еще 2 ;
371;hh.ru;90000;150000;;Node.js Developer (SaaS services);https://spb.hh.ru/vacancy/37626294?query=ruby; Plesk;https://hh.ru/employer/2199311;Новосибирск, Октябрьская и еще 1 ;руб.
372;hh.ru;;;;С++ Developer (Paradise Island 2);https://spb.hh.ru/vacancy/37788089?query=ruby; Game Insight;https://hh.ru/employer/735444;Мурманск;
373;hh.ru;60000;;;QA Automation Engineer;https://spb.hh.ru/vacancy/38814131?query=ruby; i20;https://hh.ru/employer/720860;Бердск;руб.
374;hh.ru;60000;;;QA Automation Engineer;https://spb.hh.ru/vacancy/38812445?query=ruby; i20;https://hh.ru/employer/720860;Новосибирск;руб.
375;hh.ru;30000;40000;;NET/C#-разработчик в г. Уфа;https://spb.hh.ru/vacancy/37723533?query=ruby; КАССА №1;https://hh.ru/employer/1104904;Казань;руб.
376;hh.ru;200000;;;Senior Software Developer (WebStorm);https://spb.hh.ru/vacancy/38828586?query=ruby; JetBrains;https://hh.ru/employer/9281;Москва, Белорусская;руб.
377;hh.ru;60000;;;Automation QA engineer Android/IOS;https://spb.hh.ru/vacancy/38811352?query=ruby;ООО ИнСистем;https://hh.ru/employer/1748732;Новосибирск;руб.
378;hh.ru;200000;;;Senior Software Developer (WebStorm);https://spb.hh.ru/vacancy/38828307?query=ruby; JetBrains;https://hh.ru/employer/9281;Санкт-Петербург, Беговая и еще 1 ;руб.
379;hh.ru;200000;;;Senior Golang developer (ECN-система, highload);https://spb.hh.ru/vacancy/38808035?query=ruby; Cellar door;https://hh.ru/employer/4420523;Москва;руб.
380;hh.ru;;;;Программист;https://spb.hh.ru/vacancy/38789643?query=ruby;ООО РПЦ ЭЛЬБРУС;https://hh.ru/employer/2255990;Тула;
381;hh.ru;;;;Системный аналитик (Интерактивное Телевидение);https://spb.hh.ru/vacancy/36854674?query=ruby;ООО Ростелеком Информационные Технологии;https://hh.ru/employer/3144945;Москва;
382;hh.ru;;;;Devops инженер;https://spb.hh.ru/vacancy/37735955?query=ruby;ООО Ростелеком Информационные Технологии;https://hh.ru/employer/3144945;Москва, Марьина Роща и еще 1 ;
383;hh.ru;;;;Middle/Senior .NET-разработчик;https://spb.hh.ru/vacancy/33892587?query=ruby; Directum;https://hh.ru/employer/2488771;Ижевск;
384;hh.ru;180000;;;Ведущий веб-разработчик (Teamlead);https://spb.hh.ru/vacancy/37885961?query=ruby; Группа Компаний ГаражТулс;https://hh.ru/employer/564657;Санкт-Петербург;руб.
385;hh.ru;;;;Product Owner;https://spb.hh.ru/vacancy/38569609?query=ruby;ООО АйТи Мониторинг;https://hh.ru/employer/1962711;Краснодар;
386;hh.ru;100000;;;Team Lead / Fullstack Developer;https://spb.hh.ru/vacancy/38790390?query=ruby;ООО Брусника;https://hh.ru/employer/1066018;Екатеринбург, Площадь 1905 года;руб.
387;hh.ru;;;;Системный администратор Linux;https://spb.hh.ru/vacancy/38575071?query=ruby;ООО Ростелеком Информационные Технологии;https://hh.ru/employer/3144945;Москва, Павелецкая;
388;hh.ru;;;;Системный Архитектор;https://spb.hh.ru/vacancy/36854096?query=ruby;ООО Ростелеком Информационные Технологии;https://hh.ru/employer/3144945;Москва;
389;hh.ru;;;;DevOps (Отдел облачных технологий);https://spb.hh.ru/vacancy/38797601?query=ruby;АО Почтовые технологии;https://hh.ru/employer/4543942;Санкт-Петербург;
390;hh.ru;100000;150000;;Security engineer;https://spb.hh.ru/vacancy/34902180?query=ruby; Plesk;https://hh.ru/employer/2199311;Новосибирск;руб.
391;hh.ru;;;;Automation Infrastructure Engineer;https://spb.hh.ru/vacancy/38276605?query=ruby; DINS;https://hh.ru/employer/168307;Санкт-Петербург, Нарвская;
392;hh.ru;;;;Старший специалист в команду инфраструктурной безопасности;https://spb.hh.ru/vacancy/38683749?query=ruby; Rambler Group;https://hh.ru/employer/8620;Москва, Тульская;
393;hh.ru;150000;;;Системный администратор (DEVOPS);https://spb.hh.ru/vacancy/38810898?query=ruby;ООО Центр поддержки-Воронеж;https://hh.ru/employer/4176365;Новосибирск;руб.
394;hh.ru;;;;Специалист (Типовые решения и каталоги);https://spb.hh.ru/vacancy/38152655?query=ruby;АО НИПИГАЗ;https://hh.ru/employer/2921408;Краснодар;
395;hh.ru;;;;Go Developer (Buyer Experience);https://spb.hh.ru/vacancy/31132557?query=ruby; Ozon Информационные технологии;https://hh.ru/employer/2180?dpt=ozonru-2180-dev;Москва, Деловой центр и еще 2 ;
396;hh.ru;150000;;;QA Engineer (IntelliJ IDEA);https://spb.hh.ru/vacancy/33488505?query=ruby; JetBrains;https://hh.ru/employer/9281;Санкт-Петербург, Беговая и еще 1 ;руб.
397;hh.ru;;;;QA engineer;https://spb.hh.ru/vacancy/38271228?query=ruby; Actimind;https://hh.ru/employer/2232;Санкт-Петербург, Старая Деревня;
398;hh.ru;30000;150000;;Web-разработчик / стажер;https://spb.hh.ru/vacancy/38727752?query=ruby;ООО Друпал;https://hh.ru/employer/1166170;Краснознаменск (Московская область);руб.
399;hh.ru;;;;DevOps | Системный инженер Linux;https://spb.hh.ru/vacancy/23725051?query=ruby; TradingView;https://hh.ru/employer/1235972;Ростов-на-Дону;
400;hh.ru;;;;Инженер-разработчик (коннекторы SIEM);https://spb.hh.ru/vacancy/30883375?query=ruby;ООО ГАЗИНФОРМСЕРВИС;https://hh.ru/employer/61166;Санкт-Петербург, Автово и еще 1 ;
401;hh.ru;65000;85000;;Программист-разработчик;https://spb.hh.ru/vacancy/38886833?query=ruby; ТАЙМБОКС;https://hh.ru/employer/3021026;Казань, Горки;руб.
402;hh.ru;;;;Cпециалист в команду инфраструктурной безопасности;https://spb.hh.ru/vacancy/38790929?query=ruby; Rambler Group;https://hh.ru/employer/8620;Москва, Тульская;
403;hh.ru;;;;SRE / Системный инженер Linux;https://spb.hh.ru/vacancy/37342818?query=ruby; TradingView;https://hh.ru/employer/1235972;Ростов-на-Дону;
404;hh.ru;;;;Системный архитектор;https://spb.hh.ru/vacancy/38800128?query=ruby;ООО Ростелеком Информационные Технологии;https://hh.ru/employer/3144945;Москва, Павелецкая;
405;hh.ru;;;;Frontend-разработчик (React);https://spb.hh.ru/vacancy/38203636?query=ruby; Восточный Ветер;https://hh.ru/employer/1190;Екатеринбург;
406;hh.ru;;;;Разработчик / Ведущий разработчик;https://spb.hh.ru/vacancy/38870178?query=ruby;ИП Бурыкин Юрий Тимофеевич;https://hh.ru/employer/3926848;Москва;
407;hh.ru;;;;Security Architect;https://spb.hh.ru/vacancy/37786665?query=ruby;ООО Gett;https://hh.ru/employer/938231;Москва, Павелецкая;
408;hh.ru;;;;DevOps Cloud Engineer/DevOps инженер облачных решений;https://spb.hh.ru/vacancy/36412834?query=ruby; Netcracker Technology Corp.;https://hh.ru/employer/3945;Воронеж;
409;hh.ru;;;;Ведущий инженер по сопровождению Naumen Service Desk;https://spb.hh.ru/vacancy/38790493?query=ruby; СИГМА;https://hh.ru/employer/238161;Санкт-Петербург, Елизаровская;
410;hh.ru;80000;;;Старший системный администратор;https://spb.hh.ru/vacancy/38313034?query=ruby; Алекс;https://hh.ru/employer/1174855;Москва, Дубровка и еще 1 ;руб.
411;hh.ru;;;;Backend/Full-stack developer в Чекбэк;https://spb.hh.ru/vacancy/38740862?query=ruby; ВКонтакте;https://hh.ru/employer/63225;Санкт-Петербург;
412;hh.ru;;;;Специалист по анализу защищенности веб-приложений;https://spb.hh.ru/vacancy/38740559?query=ruby; Positive Technologies;https://hh.ru/employer/26624;Санкт-Петербург, Чернышевская;
413;hh.ru;;;;Специалист по анализу защищенности веб-приложений;https://spb.hh.ru/vacancy/38740569?query=ruby; Positive Technologies;https://hh.ru/employer/26624;Самара, Алабинская;
414;hh.ru;;;;Специалист по анализу защищенности веб-приложений;https://spb.hh.ru/vacancy/38740551?query=ruby; Positive Technologies;https://hh.ru/employer/26624;Москва, Преображенская площадь;
415;hh.ru;240000;300000;;PHP developer;https://spb.hh.ru/vacancy/38715198?query=ruby; Progressive Mind;https://hh.ru/employer/4712659;Москва, Международная;руб.
416;hh.ru;55000;120000;;Middle Web-разработчик, backend;https://spb.hh.ru/vacancy/38723352?query=ruby;ООО ЮнитБин;https://hh.ru/employer/1532242;Волгоград;руб.
417;hh.ru;70000;70000;;Менеджер проектов мебельного производства;https://spb.hh.ru/vacancy/38640116?query=ruby; Mrs Ruby;https://hh.ru/employer/3447166;Москва;руб.
418;hh.ru;150000;;;Coldfusion Engineer;https://spb.hh.ru/vacancy/38194511?query=ruby; M3 Global Research;https://hh.ru/employer/4163368;Йошкар-Ола;руб.
419;hh.ru;70000;;;Веб-программист;https://spb.hh.ru/vacancy/35296040?query=ruby;АО НТЦ ЭЛИНС;https://hh.ru/employer/790859;Зеленоград;руб.
420;hh.ru;;;;React Developer / Программист (Middle, Senior);https://spb.hh.ru/vacancy/38741510?query=ruby; CosySoft;https://hh.ru/employer/1517452;Тольятти;
421;hh.ru;;;;Тестировщик ПО;https://spb.hh.ru/vacancy/38362096?query=ruby; Ростелеком - Центры обработки данных;https://hh.ru/employer/852361;Воронеж;
422;hh.ru;120000;;;Ведущий веб-программист;https://spb.hh.ru/vacancy/34810819?query=ruby;АО НТЦ ЭЛИНС;https://hh.ru/employer/790859;Москва, Петровско-Разумовская;руб.
423;hh.ru;200000;250000;;Backend Developer/Разработчик PHP;https://spb.hh.ru/vacancy/37313432?query=ruby; HR Development;https://hh.ru/employer/4508336;Новосибирск;руб.
424;hh.ru;;2000;;Senior Automation Test Engineer;https://spb.hh.ru/vacancy/38728066?query=ruby; VirtualHealth;https://hh.ru/employer/1195925;Москва;USD
425;hh.ru;;2000;;Senior Automation Test Engineer;https://spb.hh.ru/vacancy/38728067?query=ruby; VirtualHealth;https://hh.ru/employer/1195925;Санкт-Петербург;USD
426;hh.ru;;;;Системный программист;https://spb.hh.ru/vacancy/17217849?query=ruby;ООО Специальный Технологический Центр;https://hh.ru/employer/2519536;Санкт-Петербург;
427;hh.ru;30000;;;Младший веб-программист;https://spb.hh.ru/vacancy/35281663?query=ruby;АО НТЦ ЭЛИНС;https://hh.ru/employer/790859;Зеленоград;руб.
428;hh.ru;;;;Backend Developer (Node.js);https://spb.hh.ru/vacancy/38677268?query=ruby; Qlean;https://hh.ru/employer/1576236;Москва, Савеловская;
429;hh.ru;120000;150000;;Ведущий веб-программист;https://spb.hh.ru/vacancy/35302443?query=ruby;АО НТЦ ЭЛИНС;https://hh.ru/employer/790859;Зеленоград;руб.
430;hh.ru;;;;Application Security Engineer;https://spb.hh.ru/vacancy/38091243?query=ruby; Veeam Software;https://hh.ru/employer/15092;Санкт-Петербург;
431;hh.ru;;;;Team Lead (Billing);https://spb.hh.ru/vacancy/38120575?query=ruby;ООО Gett;https://hh.ru/employer/938231;Москва;
432;hh.ru;;;;Программист Perl/PHP;https://spb.hh.ru/vacancy/37684564?query=ruby; «Почта России», Офис;https://hh.ru/employer/4352?dpt=pochta-4352-office;Санкт-Петербург, Дунайская;
433;hh.ru;80000;;;Тестировщик ПО;https://spb.hh.ru/vacancy/37151794?query=ruby;ООО Финсервис;https://hh.ru/employer/1889081;Москва, Тульская;руб.
434;hh.ru;;;;Back-End Developer;https://spb.hh.ru/vacancy/38684466?query=ruby; DSR, Группа Компаний;https://hh.ru/employer/217737;Воронеж;
435;hh.ru;90000;130000;;DevOps инженер;https://spb.hh.ru/vacancy/38734339?query=ruby; Genesix;https://hh.ru/employer/1699534;Новосибирск;руб.
436;hh.ru;;;;Linux System Engineer;https://spb.hh.ru/vacancy/36138061?query=ruby; Intermedia;https://hh.ru/employer/86298;Санкт-Петербург, Площадь Александра Невского 1;
437;hh.ru;;;;Senior Web QA;https://spb.hh.ru/vacancy/38633812?query=ruby;ООО Mercury Development;https://hh.ru/employer/46769;Казань, Площадь Тукая;
438;hh.ru;;;;Сетевой инженер;https://spb.hh.ru/vacancy/38756723?query=ruby; Ростелеком - Центры обработки данных;https://hh.ru/employer/852361;Владивосток;
439;hh.ru;;;;Senior Back-End Developer;https://spb.hh.ru/vacancy/38684008?query=ruby; DSR, Группа Компаний;https://hh.ru/employer/217737;Воронеж;
440;hh.ru;;;;DevOps Engineer (IoT);https://spb.hh.ru/vacancy/38734431?query=ruby; Deutsche Telekom IT Solutions (ex.T-Systems);https://hh.ru/employer/25;Санкт-Петербург;
441;hh.ru;;;;Инженер Linux (автоматизация и облачные решения);https://spb.hh.ru/vacancy/38701925?query=ruby; Инфосистемы Джет;https://hh.ru/employer/3095;Москва, Савеловская;
442;hh.ru;;;;Ruby developer в Potok.io;https://spb.hh.ru/vacancy/38059788?query=ruby; TalentTech;https://hh.ru/employer/3238482;Москва, Марьина Роща и еще 2 ;
443;hh.ru;;;;Старший специалист в команду проектной безопасности (Web Application security);https://spb.hh.ru/vacancy/36796176?query=ruby; Rambler Group;https://hh.ru/employer/8620;Москва, Тульская;
444;hh.ru;;;;Инженер по автоматизации (DevOps);https://spb.hh.ru/vacancy/37979250?query=ruby; Центр финансовых технологий;https://hh.ru/employer/8550;Новосибирск;
445;hh.ru;;;;Старший веб-разработчик;https://spb.hh.ru/vacancy/37502032?query=ruby;ООО Тамтэк;https://hh.ru/employer/869395;Омск;
446;hh.ru;;3500;;Middle+/Senior QA Automation инженер (удаленно);https://spb.hh.ru/vacancy/38654343?query=ruby; Cellar door;https://hh.ru/employer/4420523;Москва;USD
447;hh.ru;;3500;;Middle+/Senior QA Automation инженер (удаленно);https://spb.hh.ru/vacancy/38654344?query=ruby; Cellar door;https://hh.ru/employer/4420523;Новосибирск;USD
448;hh.ru;;3500;;Middle+/Senior QA Automation инженер (удаленно);https://spb.hh.ru/vacancy/38654345?query=ruby; Cellar door;https://hh.ru/employer/4420523;Санкт-Петербург;USD
449;hh.ru;120000;250000;;Web Fullstack разработчик;https://spb.hh.ru/vacancy/38091497?query=ruby; CASTLE;https://hh.ru/employer/3875620;Тольятти;руб.
450;hh.ru;120000;250000;;Web Fullstack разработчик;https://spb.hh.ru/vacancy/38091496?query=ruby; CASTLE;https://hh.ru/employer/3875620;Самара;руб.
451;hh.ru;;;;DevOps specialist;https://spb.hh.ru/vacancy/38742364?query=ruby; CUSTIS;https://hh.ru/employer/2537;Москва, Белорусская;
452;hh.ru;;;;Специалист по безопасности приложений / Application Security Specialist;https://spb.hh.ru/vacancy/38735938?query=ruby; СберМаркет;https://hh.ru/employer/1272486;Москва;
453;hh.ru;;;;Ведущий специалист по безопасности приложений / Senior Application Security Specialist;https://spb.hh.ru/vacancy/38736391?query=ruby; СберМаркет;https://hh.ru/employer/1272486;Москва;
454;hh.ru;;;;Специалист по Web - безопасности;https://spb.hh.ru/vacancy/37412827?query=ruby; Okko;https://hh.ru/employer/1375441;Самара;
455;hh.ru;;;;Специалист по Web - безопасности;https://spb.hh.ru/vacancy/37412828?query=ruby; Okko;https://hh.ru/employer/1375441;Новосибирск;
456;hh.ru;;;;Специалист по Web - безопасности;https://spb.hh.ru/vacancy/37412829?query=ruby; Okko;https://hh.ru/employer/1375441;Нижний Новгород;
457;hh.ru;;;;Специалист по Web - безопасности;https://spb.hh.ru/vacancy/37412825?query=ruby; Okko;https://hh.ru/employer/1375441;Санкт-Петербург;
458;hh.ru;;;;Специалист по Web - безопасности;https://spb.hh.ru/vacancy/37412826?query=ruby; Okko;https://hh.ru/employer/1375441;Екатеринбург;
459;hh.ru;;;;Инженер SIEM;https://spb.hh.ru/vacancy/30587756?query=ruby;ООО ГАЗИНФОРМСЕРВИС;https://hh.ru/employer/61166;Санкт-Петербург, Автово и еще 1 ;
460;hh.ru;;;;Android-разработчик;https://spb.hh.ru/vacancy/38200205?query=ruby; Group-IB;https://hh.ru/employer/653947;Москва;
461;hh.ru;;;;Senior C++ Developer (Mystery Manor);https://spb.hh.ru/vacancy/37588749?query=ruby; Game Insight;https://hh.ru/employer/735444;Мурманск;
462;hh.ru;;;;Go developer;https://spb.hh.ru/vacancy/38639515?query=ruby; TradingView;https://hh.ru/employer/1235972;Санкт-Петербург;
463;hh.ru;;;;Инженер DevOps;https://spb.hh.ru/vacancy/38678982?query=ruby; Лига Цифровой Экономики;https://hh.ru/employer/2733062;Москва;
464;hh.ru;1500;;;Web-разработчик (Frontend);https://spb.hh.ru/vacancy/38012043?query=ruby;ООО КерриерХ;https://hh.ru/employer/4093797;Нижний Новгород, Горьковская;USD
465;hh.ru;;;;Ведущий инженер (направление SIEM);https://spb.hh.ru/vacancy/30690789?query=ruby;ООО ГАЗИНФОРМСЕРВИС;https://hh.ru/employer/61166;Санкт-Петербург, Автово и еще 1 ;
466;hh.ru;200000;;;Software Developer (PhpStorm);https://spb.hh.ru/vacancy/27193466?query=ruby; JetBrains;https://hh.ru/employer/9281;Санкт-Петербург, Беговая и еще 1 ;руб.
467;hh.ru;;;;DevOps Engineer;https://spb.hh.ru/vacancy/35105634?query=ruby; Netcracker Technology Corp.;https://hh.ru/employer/3945;Санкт-Петербург;
468;hh.ru;;;;Cloud Engineer;https://spb.hh.ru/vacancy/34096210?query=ruby; Netcracker Technology Corp.;https://hh.ru/employer/3945;Санкт-Петербург;
469;hh.ru;;;;Senior DevOps Engineer;https://spb.hh.ru/vacancy/38671120?query=ruby;ООО Gett;https://hh.ru/employer/938231;Москва;
470;hh.ru;;;;DevOps Engineer;https://spb.hh.ru/vacancy/34164767?query=ruby; TradingView;https://hh.ru/employer/1235972;Ростов-на-Дону;
471;hh.ru;200000;;;Senior Software Developer (IntelliJ IDEA);https://spb.hh.ru/vacancy/18782702?query=ruby; JetBrains;https://hh.ru/employer/9281;Москва, Белорусская;руб.
472;hh.ru;180000;;;Senior Software Developer (IntelliJ IDEA);https://spb.hh.ru/vacancy/19080392?query=ruby; JetBrains;https://hh.ru/employer/9281;Новосибирск;руб.
473;hh.ru;200000;;;Senior Software Developer (IntelliJ IDEA);https://spb.hh.ru/vacancy/18562648?query=ruby; JetBrains;https://hh.ru/employer/9281;Санкт-Петербург, Беговая и еще 1 ;руб.
474;hh.ru;120000;180000;;Инженер по Linux системам;https://spb.hh.ru/vacancy/37098725?query=ruby; Аквариус, Группа компаний;https://hh.ru/employer/11036;Москва, Румянцево;руб.
475;hh.ru;;;;.Net Software Engineer в отдел разработки SIEM;https://spb.hh.ru/vacancy/38108750?query=ruby; ФГУП НПП Гамма;https://hh.ru/employer/145408;Москва, Калужская;
476;hh.ru;;;;Middle/Senior iOS-разработчик;https://spb.hh.ru/vacancy/36812679?query=ruby; Тинькофф;https://hh.ru/employer/78638;Екатеринбург, Площадь 1905 года;
477;hh.ru;;;;Backend, Developer Ruby (Разработчик Ruby, бэкенд);https://spb.hh.ru/vacancy/37488963?query=ruby; Social Quantum;https://hh.ru/employer/346616;Москва;
478;hh.ru;;;;Backend, Developer Ruby (Разработчик Ruby, бэкенд);https://spb.hh.ru/vacancy/37488964?query=ruby; Social Quantum;https://hh.ru/employer/346616;Санкт-Петербург;
479;hh.ru;;;;DevOps Engineer;https://spb.hh.ru/vacancy/37098517?query=ruby; Лаборатория Касперского;https://hh.ru/employer/1057;Москва;
480;hh.ru;;150000;;Ведущий программист (г. Москва);https://spb.hh.ru/vacancy/38635278?query=ruby;АО Динамика, ЦНТУ;https://hh.ru/employer/49518;Москва;руб.
481;hh.ru;50000;70000;;Ведущий специалист по сопровождению информационных систем (ОСПОИС);https://spb.hh.ru/vacancy/34776656?query=ruby; ФГБУ ФКП Росреестра;https://hh.ru/employer/2806402;Красноярск;руб.
482;hh.ru;200000;;;Java Swing Developer (IntelliJ Platform UI Team);https://spb.hh.ru/vacancy/26133511?query=ruby; JetBrains;https://hh.ru/employer/9281;Санкт-Петербург, Беговая и еще 1 ;руб.
483;hh.ru;;100000;;Системный администратор;https://spb.hh.ru/vacancy/38658529?query=ruby;ООО Проектное бюро АПЕКС;https://hh.ru/employer/1805417;Москва, Павелецкая;руб.
484;hh.ru;35000;50000;;Специалист технической поддержки информационных систем (ОАОД);https://spb.hh.ru/vacancy/34776664?query=ruby; ФГБУ ФКП Росреестра;https://hh.ru/employer/2806402;Красноярск;руб.
485;hh.ru;50000;80000;;Начинающий веб-разработчик;https://spb.hh.ru/vacancy/38598904?query=ruby;ООО Планадо;https://hh.ru/employer/1824596;Зеленоград;руб.
486;hh.ru;30000;60000;;Web-программист;https://spb.hh.ru/vacancy/38601635?query=ruby; Взлет Медиа;https://hh.ru/employer/96981;Тверь;руб.
487;hh.ru;50000;80000;;Начинающий frontend-разработчик;https://spb.hh.ru/vacancy/38598677?query=ruby;ООО Планадо;https://hh.ru/employer/1824596;Зеленоград;руб.
488;hh.ru;;;;Системный администратор Linux;https://spb.hh.ru/vacancy/38633517?query=ruby;АО РАСЧЕТНЫЕ РЕШЕНИЯ;https://hh.ru/employer/699283;Москва, Южная;
489;hh.ru;;;;Ведущий инженер по тестированию (Senior QA engineer);https://spb.hh.ru/vacancy/37440593?query=ruby; OneTwoTrip;https://hh.ru/employer/914908;Москва;
490;hh.ru;;;;Backend developer, Billing (Golang/Ruby);https://spb.hh.ru/vacancy/38065059?query=ruby; Wheely;https://hh.ru/employer/890667;Москва, Сухаревская и еще 1 ;
491;hh.ru;;3500;;Senior Frontend developer (удаленно);https://spb.hh.ru/vacancy/38583919?query=ruby; Cellar door;https://hh.ru/employer/4420523;Санкт-Петербург;USD
492;hh.ru;;;;DevOps инженер (Системный администратор Linux);https://spb.hh.ru/vacancy/38122681?query=ruby; Magenta Technology;https://hh.ru/employer/36486;Самара;
493;hh.ru;200000;;;Senior Java Developer (Educational Products);https://spb.hh.ru/vacancy/36863909?query=ruby; JetBrains;https://hh.ru/employer/9281;Санкт-Петербург;руб.
494;hh.ru;180000;;;Software Engineer (JVM Runtime);https://spb.hh.ru/vacancy/26949604?query=ruby; JetBrains;https://hh.ru/employer/9281;Новосибирск;руб.
495;hh.ru;200000;;;Software Engineer (JVM Runtime);https://spb.hh.ru/vacancy/26949605?query=ruby; JetBrains;https://hh.ru/employer/9281;Москва, Белорусская;руб.
496;hh.ru;200000;;;Software Engineer (JVM Runtime);https://spb.hh.ru/vacancy/31364469?query=ruby; JetBrains;https://hh.ru/employer/9281;Санкт-Петербург;руб.
497;hh.ru;;;;Senior DevOps / Unix-системный администратор (MY.GAMES);https://spb.hh.ru/vacancy/36292391?query=ruby; Mail.ru Group;https://hh.ru/employer/15478;Москва, Шаболовская;
498;hh.ru;200000;250000;;(Senior back-end developer) в ФинТех проект;https://spb.hh.ru/vacancy/38321806?query=ruby;ИП Большой Тигран Олегович;https://hh.ru/employer/4787611;Москва;руб.
499;hh.ru;;;;QA engineer;https://spb.hh.ru/vacancy/38637776?query=ruby; Акрон;https://hh.ru/employer/44;Москва, Выставочная;
500;hh.ru;;;;Разработчик Ruby на проект ManageIQ;https://spb.hh.ru/vacancy/36378228?query=ruby; Банк Хоум Кредит;https://hh.ru/employer/1496;Москва, Белорусская;
501;hh.ru;160000;;;Senior PHP Developer;https://spb.hh.ru/vacancy/38585015?query=ruby; Далее;https://hh.ru/employer/40754;Москва, Дмитровская;руб.
502;hh.ru;5000;6000;;Senior Ruby developer;https://spb.hh.ru/vacancy/38514659?query=ruby; Hunt For You;https://hh.ru/employer/4456441;Москва;USD
503;hh.ru;220000;320000;;Senior Ruby Developer/ Teamlead;https://spb.hh.ru/vacancy/38514684?query=ruby; Hunt For You;https://hh.ru/employer/4456441;Москва;руб.
504;hh.ru;180000;;;DevOps Engineer (Business Applications Development);https://spb.hh.ru/vacancy/36863771?query=ruby; JetBrains;https://hh.ru/employer/9281;Санкт-Петербург, Беговая и еще 1 ;руб.
505;hh.ru;90000;130000;;DevOps инженер;https://spb.hh.ru/vacancy/38627129?query=ruby; Genesix;https://hh.ru/employer/1699534;Калининград;руб.
506;hh.ru;;;;Java-разработчик (Видеоплатформа);https://spb.hh.ru/vacancy/38345405?query=ruby; Rambler Group;https://hh.ru/employer/8620;Москва, Тульская;
507;hh.ru;3000;;;Senior Full-Stack Developer (PHP, JS, Laravel);https://spb.hh.ru/vacancy/38577402?query=ruby; AdIntelligence Limited;https://hh.ru/employer/2605002;Москва;USD
508;hh.ru;;;;Системный аналитик eCommerce;https://spb.hh.ru/vacancy/38683935?query=ruby;АО ГЛОРИЯ ДЖИНС;https://hh.ru/employer/4620;Москва;
509;hh.ru;;;;Разработчик Flutter;https://spb.hh.ru/vacancy/38595451?query=ruby;ООО РСХБ-Интех;https://hh.ru/employer/3131901;Москва;
510;hh.ru;;;;Аналитик-разработчик;https://spb.hh.ru/vacancy/38629887?query=ruby; MPI;https://hh.ru/employer/4348469;Иннополис;
511;hh.ru;5000;6000;;Senior Backend Developer (ruby/node.js/go);https://spb.hh.ru/vacancy/38514693?query=ruby; Hunt For You;https://hh.ru/employer/4456441;Москва;USD
512;hh.ru;;;;Middle веб-разработчик;https://spb.hh.ru/vacancy/38539135?query=ruby; Ronas IT;https://hh.ru/employer/889344;Краснодар;
513;hh.ru;;;;Node.JS разработчик;https://spb.hh.ru/vacancy/38235952?query=ruby;ООО Mercury Development;https://hh.ru/employer/46769;Казань, Площадь Тукая;
514;hh.ru;;;;Senior Backend Developer (Node.js / Go);https://spb.hh.ru/vacancy/37981145?query=ruby; Qlean;https://hh.ru/employer/1576236;Москва, Савеловская;
515;hh.ru;;;;Автотестировщик Ruby (Разработчик автотестов на Ruby);https://spb.hh.ru/vacancy/36620396?query=ruby;ООО АЙФЭЛЛ;https://hh.ru/employer/3646686;Москва;
516;hh.ru;80000;140000;;Devops инженер (junior-middle);https://spb.hh.ru/vacancy/38560309?query=ruby;ООО «Баланс-Платформа»;https://hh.ru/employer/2643808;Москва;руб.
517;hh.ru;;;;DevOps;https://spb.hh.ru/vacancy/38520040?query=ruby; Северсталь. ИТ Компания;https://hh.ru/employer/6041?dpt=severstal-6041-it;Москва;
518;hh.ru;;;;DevOps;https://spb.hh.ru/vacancy/38519789?query=ruby; Северсталь. ИТ Компания;https://hh.ru/employer/6041?dpt=severstal-6041-it;Воронеж;
519;hh.ru;;;;Senior Ruby Developer;https://spb.hh.ru/vacancy/38589551?query=ruby;ООО ВЕЛВЕТЕК Системз;https://hh.ru/employer/642001;Новосибирск;
520;hh.ru;;;;IOS разработчик в Почту;https://spb.hh.ru/vacancy/37009143?query=ruby; Mail.ru Group;https://hh.ru/employer/15478;Москва;
521;hh.ru;;;;Java разработчик;https://spb.hh.ru/vacancy/38540006?query=ruby; Сбербанк для экспертов;https://hh.ru/employer/3529?dpt=3529-3529-prof;Москва;
522;hh.ru;;80000;;Младший программист (г. Москва);https://spb.hh.ru/vacancy/38545096?query=ruby;АО Динамика, ЦНТУ;https://hh.ru/employer/49518;Москва, Перово;руб.
523;hh.ru;;;;Ведущий инженер по внедрению телекоммуникационного биллинга;https://spb.hh.ru/vacancy/38604117?query=ruby;ЗАО Кузбассэнергосвязь;https://hh.ru/employer/1397720;Кемерово;
524;hh.ru;90000;150000;;Fullstack разработчик JS&Python;https://spb.hh.ru/vacancy/38499657?query=ruby;ИП Шпак Виктория Сергеевна;https://hh.ru/employer/3140842;Владимир;руб.
525;hh.ru;;;;Аналитик в отдел исследования бот-сетей Phish Hunter;https://spb.hh.ru/vacancy/38618421?query=ruby; Group-IB;https://hh.ru/employer/653947;Москва;
526;hh.ru;;;;QA Lead / Руководитель команды тестирования (Телеком);https://spb.hh.ru/vacancy/38697019?query=ruby; Sifox;https://hh.ru/employer/1784290;Москва;
527;hh.ru;;;;Senior iOS developer (Swift);https://spb.hh.ru/vacancy/38549344?query=ruby; Wheely;https://hh.ru/employer/890667;Москва, Сухаревская и еще 1 ;
528;hh.ru;;150000;;Инженер программист (г. Москва);https://spb.hh.ru/vacancy/38546225?query=ruby;АО Динамика, ЦНТУ;https://hh.ru/employer/49518;Москва;руб.
529;hh.ru;;;;QA инженер;https://spb.hh.ru/vacancy/38502240?query=ruby; ANCOR FinTech;https://hh.ru/employer/1947330;Санкт-Петербург;
530;hh.ru;;;;QA инженер;https://spb.hh.ru/vacancy/38502202?query=ruby; ANCOR FinTech;https://hh.ru/employer/1947330;Новосибирск;
531;hh.ru;250000;;;Старший разработчик Backend/Team Lead;https://spb.hh.ru/vacancy/38029172?query=ruby;ООО Автопарк-Плюс;https://hh.ru/employer/4302454;Москва;руб.
532;hh.ru;80000;;;Разработчик Android;https://spb.hh.ru/vacancy/38502437?query=ruby;АО Мой Дом;https://hh.ru/employer/2863992;Омск;руб.
533;hh.ru;70000;;;Разработчик Android;https://spb.hh.ru/vacancy/38502407?query=ruby;АО Мой Дом;https://hh.ru/employer/2863992;Красноярск;руб.
534;hh.ru;130000;;;Разработчик Android;https://spb.hh.ru/vacancy/38502296?query=ruby;АО Мой Дом;https://hh.ru/employer/2863992;Одинцово;руб.
535;hh.ru;130000;;;Разработчик Android;https://spb.hh.ru/vacancy/38502273?query=ruby;АО Мой Дом;https://hh.ru/employer/2863992;Москва;руб.
536;hh.ru;130000;;;Разработчик Android;https://spb.hh.ru/vacancy/38502254?query=ruby;АО Мой Дом;https://hh.ru/employer/2863992;Санкт-Петербург;руб.
537;hh.ru;70000;;;Разработчик Android;https://spb.hh.ru/vacancy/38502322?query=ruby;АО Мой Дом;https://hh.ru/employer/2863992;Нижний Новгород;руб.
538;hh.ru;;;;Программист С++;https://spb.hh.ru/vacancy/38502350?query=ruby; Everypixel group;https://hh.ru/employer/573161;Челябинск;
539;hh.ru;250000;;;Старший разработчик Backend/Team Lead;https://spb.hh.ru/vacancy/38170051?query=ruby; КОНТРОЛ лизинг;https://hh.ru/employer/979910;Москва;руб.
540;hh.ru;250000;;;Старший разработчик Backend / Team Lead;https://spb.hh.ru/vacancy/38169915?query=ruby; КОНТРОЛ лизинг;https://hh.ru/employer/979910;Москва;руб.
541;hh.ru;5000;7000;;Senior Golang Developer (remote, HQ in USA);https://spb.hh.ru/vacancy/38507510?query=ruby; Hunt For You;https://hh.ru/employer/4456441;Москва;USD
542;hh.ru;;;;Руководитель группы по автоматизации тестирования;https://spb.hh.ru/vacancy/38511779?query=ruby; Mail.ru Group;https://hh.ru/employer/15478;Москва, Аэропорт;
543;hh.ru;;;;Аналитик на первую линию в SOC;https://spb.hh.ru/vacancy/38038241?query=ruby; Тинькофф;https://hh.ru/employer/78638;Москва, Водный стадион;
544;hh.ru;;;;Инженер доступности сервисов / Site Reliability Engineer;https://spb.hh.ru/vacancy/38483010?query=ruby; Mail.ru Group;https://hh.ru/employer/15478;Москва, Аэропорт;
545;hh.ru;;;;Главный специалист направления кибер-безопасности/ Пентестер [id12678];https://spb.hh.ru/vacancy/38511325?query=ruby; ПАО «Газпром нефть»;https://hh.ru/employer/39305?dpt=gpn-39305-HOLD;Санкт-Петербург, Чернышевская;
546;hh.ru;;;;QA lead;https://spb.hh.ru/vacancy/38148919?query=ruby; Мокка;https://hh.ru/employer/1220357;Москва;
547;hh.ru;65000;;;Автомеханик/Автослесарь Грузовых автомобилей;https://spb.hh.ru/vacancy/38511759?query=ruby;ИП Яркин Павел Анатольевич;https://hh.ru/employer/3772122;Воронеж;руб.
548;hh.ru;;;;Delivery manager;https://spb.hh.ru/vacancy/38467041?query=ruby; Мокка;https://hh.ru/employer/1220357;Москва, Тульская;
549;hh.ru;130000;;;Senior developer Go;https://spb.hh.ru/vacancy/38522948?query=ruby; OS33;https://hh.ru/employer/546180;Нижний Новгород;руб.
550;hh.ru;40000;120000;;Mobile/Frontend разработчик удаленно (IONIC, Angular, Vue.JS);https://spb.hh.ru/vacancy/38520534?query=ruby;ООО ODIN;https://hh.ru/employer/204545;Москва, Речной вокзал;руб.
551;hh.ru;;;;QA инженер;https://spb.hh.ru/vacancy/38502219?query=ruby; ANCOR FinTech;https://hh.ru/employer/1947330;Екатеринбург;
552;superjob.ru;;;По договорённости;Разработчик Ruby;https://russia.superjob.ru/vakansii/razrabotchik-ruby-34363353.html;Бюджетные и Финансовые Технологии;https://russia.superjob.ru/clients/byudzhetnye-i-finansovye-tehnologii-3921344.html;Москва;
553;superjob.ru;;;По договорённости;Разработчик Ruby Middle\Senior;https://russia.superjob.ru/vakansii/razrabotchik-ruby-middle-34311774.html;Фидес;https://russia.superjob.ru/clients/fides-17612.html;Санкт-Петербург;
554;superjob.ru;200000;200000;;Ведущий разработчик (Ruby);https://russia.superjob.ru/vakansii/veduschij-razrabotchik-34195075.html;НИТУ «МИСиС»;https://russia.superjob.ru/clients/nitu-misis-688137.html;Москва, Октябрьская;руб.
555;superjob.ru;;70000;;Ведущий программист;https://russia.superjob.ru/vakansii/veduschij-programmist-34442778.html;ФГУП МОКБ Марс;https://russia.superjob.ru/clients/fgup-mokb-mars-306890.html;Москва;руб.
556;superjob.ru;110000;110000;;Программист / Инженер технической поддержки;https://russia.superjob.ru/vakansii/programmist-34369639.html;Смарт Энджинс Сервис;https://russia.superjob.ru/clients/smart-endzhins-servis-3617053.html;Москва, Ленинский проспект;руб.
557;superjob.ru;;;По договорённости;Middle Front-end разработчик JavaScript / React;https://russia.superjob.ru/vakansii/middle-front-end-razrabotchik-javascript-34320287.html;MPI;https://russia.superjob.ru/clients/mpi-3917794.html;Иннополис;
558;superjob.ru;;;По договорённости;Руководитель WEB-проектов;https://russia.superjob.ru/vakansii/rukovoditel-web-proektov-34441604.html;Мемо;https://russia.superjob.ru/clients/memo-3929666.html;Москва;
559;superjob.ru;;;По договорённости;Системный инженер (аналитик-программист);https://russia.superjob.ru/vakansii/sistemnyj-inzhener-34448230.html;ИЦ Региональные системы;https://russia.superjob.ru/clients/ic-regionalnye-sistemy-3827317.html;Краснодар;
560;superjob.ru;;;По договорённости;Ведущий системный администратор;https://russia.superjob.ru/vakansii/veduschij-sistemnyj-administrator-34348359.html;МАСТЕРХОСТ;https://russia.superjob.ru/clients/masterhost-27708.html;Москва, Кожуховская;
561;superjob.ru;;;По договорённости;Веб-программист;https://russia.superjob.ru/vakansii/veb-programmist-33400458.html;НФ Русское наследие;https://russia.superjob.ru/clients/nf-russkoe-nasledie-3828532.html;Москва;
562;superjob.ru;;;По договорённости;Системный инженер (пентест);https://russia.superjob.ru/vakansii/sistemnyj-inzhener-34447451.html;ИЦ Региональные системы;https://russia.superjob.ru/clients/ic-regionalnye-sistemy-3827317.html;Краснодар;
563;superjob.ru;;;По договорённости;DevOps инженер;https://russia.superjob.ru/vakansii/devops-inzhener-34320222.html;MPI;https://russia.superjob.ru/clients/mpi-3917794.html;Иннополис;
564;superjob.ru;;;По договорённости;Системный инженер (аналитик-программист);https://russia.superjob.ru/vakansii/sistemnyj-inzhener-34448204.html;ИЦ Региональные системы;https://russia.superjob.ru/clients/ic-regionalnye-sistemy-3827317.html;Волгоград;
565;superjob.ru;;;По договорённости;Системный инженер (пентест);https://russia.superjob.ru/vakansii/sistemnyj-inzhener-34447130.html;ИЦ Региональные системы;https://russia.superjob.ru/clients/ic-regionalnye-sistemy-3827317.html;Волгоград;
